time,nb_sleeping,nb_switching_on,nb_switching_off,nb_idle,nb_computing
520.001,0,0,0,3,1
529.748,0,0,0,4,0
529.75,0,0,0,3,1
529.751,0,0,0,1,3
567.499,0,0,0,2,2
567.501,0,0,0,1,3
570.276,0,0,0,2,2
570.277,0,0,0,1,3
579.422,0,0,0,2,2
841.338,0,0,0,4,0
841.34,0,0,0,2,2
1304.74,0,0,0,4,0
1304.74,0,0,0,3,1
1311.19,0,0,0,4,0
1360,0,0,0,1,3
1933.17,0,0,0,4,0
1933.17,0,0,0,2,2
1933.17,0,0,0,1,3
1936.96,0,0,0,2,2
1936.97,0,0,0,0,4
2737.01,0,0,0,2,2
2737.01,0,0,0,1,3
2737.01,0,0,0,0,4
2740.62,0,0,0,1,3
2745.21,0,0,0,2,2
2745.22,0,0,0,1,3
2754.52,0,0,0,2,2
2754.53,0,0,0,1,3
2758.71,0,0,0,2,2
2758.71,0,0,0,1,3
2766.9,0,0,0,2,2
2766.9,0,0,0,1,3
2772.26,0,0,0,2,2
2862.36,0,0,0,4,0
2862.36,0,0,0,3,1
2880.36,0,0,0,4,0
2880.36,0,0,0,3,1
2881.37,0,0,0,4,0
2881.37,0,0,0,3,1
2887.42,0,0,0,4,0
2887.42,0,0,0,3,1
2900.47,0,0,0,4,0
4360,0,0,0,3,1
4378.5,0,0,0,4,0
4378.5,0,0,0,3,1
4378.5,0,0,0,2,2
4384.18,0,0,0,3,1
4384.19,0,0,0,2,2
4386.06,0,0,0,3,1
4386.06,0,0,0,2,2
4386.37,0,0,0,3,1
4398.02,0,0,0,4,0
4398.02,0,0,0,3,1
4442.83,0,0,0,4,0
4442.84,0,0,0,3,1
4443.85,0,0,0,4,0
5080,0,0,0,3,1
5085.12,0,0,0,4,0
5085.12,0,0,0,3,1
5085.12,0,0,0,2,2
5091.83,0,0,0,3,1
5091.83,0,0,0,2,2
5101.38,0,0,0,3,1
5120,0,0,0,2,2
5122.41,0,0,0,3,1
5165.81,0,0,0,4,0
5165.81,0,0,0,1,3
5165.81,0,0,0,0,4
5173.94,0,0,0,1,3
5173.95,0,0,0,0,4
5179.69,0,0,0,1,3
5179.69,0,0,0,0,4
5180.02,0,0,0,1,3
5180.02,0,0,0,0,4
5184.21,0,0,0,1,3
5184.21,0,0,0,0,4
5275.4,0,0,0,1,3
5275.4,0,0,0,0,4
5279.29,0,0,0,1,3
5624.32,0,0,0,4,0
5624.32,0,0,0,3,1
5640.88,0,0,0,4,0
5640.88,0,0,0,3,1
5660.25,0,0,0,4,0
5800,0,0,0,1,3
6523.53,0,0,0,4,0
6523.53,0,0,0,3,1
6523.53,0,0,0,2,2
6543.25,0,0,0,3,1
6545.29,0,0,0,4,0
6545.29,0,0,0,2,2
7040.98,0,0,0,4,0
7040.98,0,0,0,3,1
7054.15,0,0,0,4,0
7054.15,0,0,0,3,1
7054.5,0,0,0,4,0
7054.5,0,0,0,3,1
7072.26,0,0,0,4,0
7160,0,0,0,3,1
7163.08,0,0,0,4,0
7163.08,0,0,0,3,1
7163.08,0,0,0,2,2
7172.28,0,0,0,3,1
7480,0,0,0,2,2
7556.15,0,0,0,3,1
7556.15,0,0,0,2,2
7556.15,0,0,0,0,4
7565.39,0,0,0,1,3
7565.39,0,0,0,0,4
7729.89,0,0,0,1,3
7760,0,0,0,0,4
7770.85,0,0,0,1,3
7770.86,0,0,0,0,4
7786.64,0,0,0,1,3
8017.65,0,0,0,3,1
8017.65,0,0,0,1,3
8017.65,0,0,0,0,4
8030.12,0,0,0,1,3
8030.12,0,0,0,0,4
8036.64,0,0,0,1,3
8036.64,0,0,0,0,4
8037.66,0,0,0,1,3
8037.66,0,0,0,0,4
8056.49,0,0,0,1,3
8056.49,0,0,0,0,4
8061.01,0,0,0,1,3
8061.01,0,0,0,0,4
8236.28,0,0,0,2,2
8236.28,0,0,0,1,3
8236.28,0,0,0,0,4
8236.52,0,0,0,1,3
8236.52,0,0,0,0,4
8242.15,0,0,0,1,3
8242.15,0,0,0,0,4
8242.97,0,0,0,1,3
8242.97,0,0,0,0,4
8251.03,0,0,0,1,3
8252.7,0,0,0,2,2
8393.14,0,0,0,3,1
8393.14,0,0,0,0,4
8480.77,0,0,0,1,3
8480.77,0,0,0,0,4
8482.74,0,0,0,1,3
8482.74,0,0,0,0,4
8483.22,0,0,0,1,3
8483.22,0,0,0,0,4
8498.26,0,0,0,1,3
8498.26,0,0,0,0,4
8503.94,0,0,0,1,3
8503.94,0,0,0,0,4
8517.11,0,0,0,1,3
8517.11,0,0,0,0,4
8530.28,0,0,0,1,3
8530.28,0,0,0,0,4
8549.59,0,0,0,1,3
8640,0,0,0,0,4
8645.12,0,0,0,1,3
8645.12,0,0,0,0,4
8659.73,0,0,0,1,3
8659.73,0,0,0,0,4
8672.9,0,0,0,1,3
8720,0,0,0,0,4
8732.46,0,0,0,1,3
8732.47,0,0,0,0,4
8988.45,0,0,0,3,1
8988.45,0,0,0,2,2
8988.45,0,0,0,1,3
8988.76,0,0,0,2,2
8988.76,0,0,0,0,4
8996.26,0,0,0,1,3
8996.26,0,0,0,0,4
9002.71,0,0,0,1,3
9002.71,0,0,0,0,4
9009.36,0,0,0,1,3
9009.36,0,0,0,0,4
9023.98,0,0,0,1,3
9023.98,0,0,0,0,4
9045.39,0,0,0,1,3
9045.39,0,0,0,0,4
9048.38,0,0,0,1,3
9048.39,0,0,0,0,4
9056.87,0,0,0,1,3
9056.87,0,0,0,0,4
9059.65,0,0,0,1,3
9059.65,0,0,0,0,4
9152.23,0,0,0,1,3
9152.23,0,0,0,0,4
9164.69,0,0,0,1,3
9164.69,0,0,0,0,4
9241.05,0,0,0,1,3
9241.06,0,0,0,0,4
9267.16,0,0,0,1,3
9267.16,0,0,0,0,4
9276.91,0,0,0,1,3
9276.91,0,0,0,0,4
9290.12,0,0,0,1,3
9290.12,0,0,0,0,4
9306.17,0,0,0,1,3
9306.17,0,0,0,0,4
9327.76,0,0,0,1,3
9327.76,0,0,0,0,4
9336.52,0,0,0,1,3
9336.52,0,0,0,0,4
9345.42,0,0,0,1,3
9345.42,0,0,0,0,4
9353.93,0,0,0,1,3
9353.93,0,0,0,0,4
9375.03,0,0,0,1,3
9375.03,0,0,0,0,4
9387.68,0,0,0,1,3
9445.12,0,0,0,2,2
9792.6,0,0,0,4,0
9792.6,0,0,0,1,3
9792.6,0,0,0,0,4
9793.28,0,0,0,1,3
10279.8,0,0,0,4,0
10279.8,0,0,0,1,3
10279.8,0,0,0,0,4
10369.2,0,0,0,1,3
10369.2,0,0,0,0,4
10386.4,0,0,0,1,3
10875.1,0,0,0,4,0
10875.1,0,0,0,2,2
10875.1,0,0,0,1,3
10892.3,0,0,0,2,2
10960,0,0,0,1,3
10960.5,0,0,0,2,2
11093.7,0,0,0,4,0
11093.7,0,0,0,1,3
11093.7,0,0,0,0,4
11111.5,0,0,0,1,3
11111.5,0,0,0,0,4
11115.6,0,0,0,1,3
11520,0,0,0,0,4
11539.5,0,0,0,1,3
11552.2,0,0,0,4,0
11552.2,0,0,0,1,3
11552.2,0,0,0,0,4
12206.6,0,0,0,3,1
12206.6,0,0,0,2,2
12206.6,0,0,0,1,3
12209.4,0,0,0,2,2
12214,0,0,0,3,1
12214,0,0,0,1,3
12214,0,0,0,0,4
12230.5,0,0,0,1,3
12230.5,0,0,0,0,4
12320,0,0,0,1,3
12320,0,0,0,0,4
12380,0,0,0,1,3
12396.1,0,0,0,2,2
12396.1,0,0,0,0,4
12707.7,0,0,0,2,2
12707.7,0,0,0,1,3
12707.7,0,0,0,0,4
12724.9,0,0,0,1,3
12724.9,0,0,0,0,4
12726.5,0,0,0,1,3
12726.5,0,0,0,0,4
12753.3,0,0,0,1,3
12801.1,0,0,0,2,2
12840,0,0,0,1,3
12840,0,0,0,0,4
12843,0,0,0,1,3
12843,0,0,0,0,4
12854.6,0,0,0,1,3
12854.6,0,0,0,0,4
12872.5,0,0,0,1,3
12872.6,0,0,0,0,4
12891.1,0,0,0,1,3
13017.8,0,0,0,3,1
13017.8,0,0,0,0,4
13022,0,0,0,1,3
13505,0,0,0,4,0
13505,0,0,0,2,2
13505,0,0,0,1,3
13505,0,0,0,0,4
13506,0,0,0,1,3
13506,0,0,0,0,4
13515.9,0,0,0,1,3
13515.9,0,0,0,0,4
13530.6,0,0,0,1,3
13673.4,0,0,0,2,2
13673.4,0,0,0,0,4
14189,0,0,0,2,2
14189,0,0,0,1,3
14189,0,0,0,0,4
14195.1,0,0,0,1,3
14195.2,0,0,0,0,4
14202.6,0,0,0,1,3
14202.6,0,0,0,0,4
14210.6,0,0,0,1,3
14210.6,0,0,0,0,4
14221.5,0,0,0,1,3
14221.5,0,0,0,0,4
14227.3,0,0,0,1,3
14227.3,0,0,0,0,4
14228.3,0,0,0,1,3
14360,0,0,0,0,4
14360.2,0,0,0,1,3
14360.2,0,0,0,0,4
14488.3,0,0,0,1,3
14488.3,0,0,0,0,4
14567.7,0,0,0,1,3
14567.7,0,0,0,0,4
14569.1,0,0,0,1,3
14569.1,0,0,0,0,4
14577.3,0,0,0,1,3
14577.3,0,0,0,0,4
14577.8,0,0,0,1,3
14577.8,0,0,0,0,4
14582.3,0,0,0,1,3
14582.3,0,0,0,0,4
14591.1,0,0,0,1,3
14591.1,0,0,0,0,4
14598.8,0,0,0,2,2
14599.3,0,0,0,3,1
15014.4,0,0,0,4,0
15014.4,0,0,0,1,3
15014.4,0,0,0,0,4
15020,0,0,0,1,3
15020,0,0,0,0,4
15109.5,0,0,0,1,3
15400,0,0,0,0,4
15404.9,0,0,0,1,3
15404.9,0,0,0,0,4
15431,0,0,0,1,3
15431,0,0,0,0,4
15439.1,0,0,0,1,3
15587.6,0,0,0,4,0
15587.6,0,0,0,2,2
15587.6,0,0,0,1,3
15587.6,0,0,0,0,4
15613.7,0,0,0,1,3
15613.7,0,0,0,0,4
15630.6,0,0,0,1,3
15630.6,0,0,0,0,4
15630.9,0,0,0,1,3
15630.9,0,0,0,0,4
15638.6,0,0,0,1,3
15638.6,0,0,0,0,4
15654.9,0,0,0,1,3
15654.9,0,0,0,0,4
15664.8,0,0,0,1,3
15668.1,0,0,0,2,2
15920,0,0,0,1,3
15920,0,0,0,0,4
15923.1,0,0,0,1,3
15932.7,0,0,0,2,2
16143.5,0,0,0,4,0
16143.5,0,0,0,1,3
16143.5,0,0,0,0,4
16328,0,0,0,1,3
16328,0,0,0,0,4
16343,0,0,0,1,3
16343,0,0,0,0,4
16356.1,0,0,0,1,3
16356.1,0,0,0,0,4
16369.2,0,0,0,1,3
16369.2,0,0,0,0,4
16387.2,0,0,0,1,3
16387.2,0,0,0,0,4
16571.7,0,0,0,1,3
16571.7,0,0,0,0,4
16574.5,0,0,0,1,3
16574.5,0,0,0,0,4
16575.5,0,0,0,1,3
16575.5,0,0,0,0,4
16605.1,0,0,0,1,3
16605.1,0,0,0,0,4
16653.8,0,0,0,1,3
16653.8,0,0,0,0,4
16716.7,0,0,0,3,1
16716.7,0,0,0,2,2
16716.7,0,0,0,0,4
16723.1,0,0,0,1,3
16723.1,0,0,0,0,4
16729.3,0,0,0,1,3
16729.3,0,0,0,0,4
16730.8,0,0,0,1,3
16730.8,0,0,0,0,4
16732.3,0,0,0,1,3
16732.3,0,0,0,0,4
16736.8,0,0,0,1,3
16736.8,0,0,0,0,4
16854.7,0,0,0,1,3
16944.3,0,0,0,2,2
17180.1,0,0,0,4,0
17180.1,0,0,0,2,2
17180.1,0,0,0,0,4
17675.8,0,0,0,2,2
17675.8,0,0,0,0,4
17898,0,0,0,2,2
17898,0,0,0,1,3
17898,0,0,0,0,4
17903.6,0,0,0,1,3
17903.6,0,0,0,0,4
17916.5,0,0,0,1,3
17952.3,0,0,0,2,2
17952.3,0,0,0,0,4
18415.7,0,0,0,2,2
18415.7,0,0,0,1,3
18415.7,0,0,0,0,4
18432.9,0,0,0,1,3
18442.4,0,0,0,2,2
18442.4,0,0,0,0,4
18738.5,0,0,0,2,2
18738.5,0,0,0,0,4
19160.3,0,0,0,2,2
19160.3,0,0,0,1,3
19160.3,0,0,0,0,4
19167,0,0,0,1,3
19167,0,0,0,0,4
19171.9,0,0,0,1,3
19171.9,0,0,0,0,4
19176.1,0,0,0,1,3
19176.1,0,0,0,0,4
19177.5,0,0,0,1,3
19177.5,0,0,0,0,4
19189.3,0,0,0,1,3
19201.9,0,0,0,3,1
19201.9,0,0,0,1,3
19201.9,0,0,0,0,4
19205.7,0,0,0,1,3
19280,0,0,0,0,4
19297.2,0,0,0,1,3
19344.9,0,0,0,2,2
19513.5,0,0,0,4,0
19513.5,0,0,0,1,3
19513.5,0,0,0,0,4
19535.2,0,0,0,1,3
19535.2,0,0,0,0,4
19546.8,0,0,0,1,3
19546.9,0,0,0,0,4
19559.9,0,0,0,1,3
19559.9,0,0,0,0,4
19579.4,0,0,0,1,3
19579.4,0,0,0,0,4
19595.7,0,0,0,1,3
20000.7,0,0,0,4,0
20000.7,0,0,0,2,2
20000.7,0,0,0,1,3
20000.7,0,0,0,0,4
20012.3,0,0,0,1,3
20012.3,0,0,0,0,4
20013.8,0,0,0,1,3
20013.9,0,0,0,0,4
20026.3,0,0,0,1,3
20026.3,0,0,0,0,4
20033.7,0,0,0,1,3
20033.7,0,0,0,0,4
20042.9,0,0,0,1,3
20042.9,0,0,0,0,4
20047.4,0,0,0,1,3
20050.5,0,0,0,2,2
20496.4,0,0,0,4,0
20496.4,0,0,0,1,3
20496.4,0,0,0,0,4
20513.6,0,0,0,1,3
20513.6,0,0,0,0,4
20530.2,0,0,0,1,3
20530.2,0,0,0,0,4
20531.2,0,0,0,1,3
20531.2,0,0,0,0,4
20539.1,0,0,0,1,3
21069.5,0,0,0,4,0
21069.5,0,0,0,1,3
21069.5,0,0,0,0,4
21073.3,0,0,0,1,3
21642.7,0,0,0,4,0
21642.7,0,0,0,2,2
21642.7,0,0,0,1,3
21648.4,0,0,0,2,2
22000,0,0,0,1,3
22014.7,0,0,0,2,2
22014.7,0,0,0,1,3
22014.7,0,0,0,0,4
22029.7,0,0,0,1,3
22040.8,0,0,0,2,2
22040.8,0,0,0,1,3
22044.6,0,0,0,2,2
22044.6,0,0,0,1,3
22046.6,0,0,0,2,2
22046.6,0,0,0,1,3
22058.1,0,0,0,2,2
22058.1,0,0,0,1,3
22067.3,0,0,0,2,2
22138.4,0,0,0,4,0
22138.4,0,0,0,3,1
22146.9,0,0,0,4,0
22160,0,0,0,3,1
22168.8,0,0,0,4,0
22168.8,0,0,0,3,1
22168.8,0,0,0,2,2
22169.4,0,0,0,3,1
22169.4,0,0,0,2,2
22175.6,0,0,0,3,1
22175.6,0,0,0,1,3
22181.1,0,0,0,2,2
22394.2,0,0,0,4,0
22394.2,0,0,0,3,1
22403.4,0,0,0,4,0
22403.4,0,0,0,3,1
22419.5,0,0,0,4,0
22680,0,0,0,3,1
22693.5,0,0,0,4,0
22693.5,0,0,0,3,1
22693.5,0,0,0,2,2
22720,0,0,0,1,3
22723.6,0,0,0,2,2
22723.6,0,0,0,1,3
22723.6,0,0,0,0,4
22725.5,0,0,0,1,3
22725.5,0,0,0,0,4
22726,0,0,0,1,3
22742.1,0,0,0,2,2
22742.1,0,0,0,1,3
22750.1,0,0,0,2,2
22750.1,0,0,0,1,3
22752.5,0,0,0,2,2
22752.5,0,0,0,1,3
22754.4,0,0,0,2,2
23260.3,0,0,0,3,1
23260.3,0,0,0,2,2
23521.2,0,0,0,3,1
23786.4,0,0,0,4,0
23786.4,0,0,0,3,1
23801.4,0,0,0,4,0
23801.4,0,0,0,3,1
23828.1,0,0,0,4,0
23828.1,0,0,0,3,1
23874.8,0,0,0,4,0
26040,0,0,0,3,1
26086.7,0,0,0,4,0
26086.7,0,0,0,1,3
26280,0,0,0,0,4
26288.8,0,0,0,1,3
26360,0,0,0,0,4
26368.2,0,0,0,1,3
26368.2,0,0,0,0,4
26377.8,0,0,0,1,3
26810.2,0,0,0,4,0
26810.2,0,0,0,2,2
26810.2,0,0,0,1,3
26854.5,0,0,0,2,2
26854.5,0,0,0,0,4
27658.3,0,0,0,2,2
27658.3,0,0,0,0,4
27735.6,0,0,0,2,2
27735.6,0,0,0,1,3
27735.6,0,0,0,0,4
27752.8,0,0,0,1,3
27903,0,0,0,2,2
28320,0,0,0,1,3
28320,0,0,0,0,4
28326.5,0,0,0,1,3
28326.5,0,0,0,0,4
28334.7,0,0,0,1,3
28334.7,0,0,0,0,4
28342.3,0,0,0,2,2
28342.3,0,0,0,0,4
28343.1,0,0,0,1,3
28343.1,0,0,0,0,4
28349.7,0,0,0,1,3
28349.7,0,0,0,0,4
28360.3,0,0,0,1,3
28360.3,0,0,0,0,4
28375.9,0,0,0,1,3
28429.2,0,0,0,2,2
28653.9,0,0,0,4,0
28653.9,0,0,0,1,3
28653.9,0,0,0,0,4
28654.2,0,0,0,1,3
28654.2,0,0,0,0,4
28655.2,0,0,0,1,3
28655.2,0,0,0,0,4
28672.4,0,0,0,1,3
28672.4,0,0,0,0,4
28672.9,0,0,0,1,3
28672.9,0,0,0,0,4
28675.8,0,0,0,1,3
28675.8,0,0,0,0,4
28678.9,0,0,0,1,3
28678.9,0,0,0,0,4
28690.5,0,0,0,1,3
28960,0,0,0,0,4
28964.1,0,0,0,1,3
28964.1,0,0,0,0,4
28976.6,0,0,0,1,3
28976.6,0,0,0,0,4
28983.1,0,0,0,1,3
28983.1,0,0,0,0,4
29112.4,0,0,0,3,1
29112.4,0,0,0,2,2
29112.4,0,0,0,1,3
29112.4,0,0,0,0,4
29119.6,0,0,0,1,3
29119.6,0,0,0,0,4
29122,0,0,0,1,3
29122,0,0,0,0,4
29129,0,0,0,1,3
29132.1,0,0,0,2,2
29329.5,0,0,0,3,1
29329.5,0,0,0,0,4
29810.9,0,0,0,1,3
29810.9,0,0,0,0,4
29822.4,0,0,0,1,3
29822.4,0,0,0,0,4
29839.6,0,0,0,1,3
29839.6,0,0,0,0,4
29857.3,0,0,0,1,3
29857.3,0,0,0,0,4
29868.9,0,0,0,1,3
29868.9,0,0,0,0,4
29934.1,0,0,0,1,3
30040,0,0,0,0,4
30041.5,0,0,0,1,3
30041.5,0,0,0,0,4
30048,0,0,0,1,3
30048,0,0,0,0,4
30053.1,0,0,0,3,1
30053.1,0,0,0,0,4
30059.6,0,0,0,1,3
30059.6,0,0,0,0,4
30068.8,0,0,0,1,3
30068.8,0,0,0,0,4
30144.9,0,0,0,1,3
30360,0,0,0,0,4
30365.7,0,0,0,1,3
30365.7,0,0,0,0,4
30392.4,0,0,0,1,3
30392.4,0,0,0,0,4
30408.9,0,0,0,1,3
30408.9,0,0,0,0,4
30435,0,0,0,1,3
30435,0,0,0,0,4
30440.7,0,0,0,1,3
30440.7,0,0,0,0,4
30448.5,0,0,0,1,3
30448.5,0,0,0,0,4
30466.2,0,0,0,1,3
30707.5,0,0,0,4,0
30707.5,0,0,0,2,2
30707.5,0,0,0,1,3
30707.5,0,0,0,0,4
30709.4,0,0,0,1,3
30709.4,0,0,0,0,4
30715.9,0,0,0,1,3
30715.9,0,0,0,0,4
30728.8,0,0,0,1,3
30737.3,0,0,0,2,2
31511.3,0,0,0,4,0
31511.3,0,0,0,1,3
31511.3,0,0,0,0,4
31522.2,0,0,0,1,3
31840,0,0,0,0,4
31846,0,0,0,1,3
31846.1,0,0,0,0,4
31863.7,0,0,0,1,3
32084.5,0,0,0,4,0
32084.5,0,0,0,1,3
32120,0,0,0,0,4
32129.2,0,0,0,1,3
32129.2,0,0,0,0,4
32696.1,0,0,0,1,3
32696.1,0,0,0,0,4
32714.9,0,0,0,1,3
32720,0,0,0,0,4
32720.5,0,0,0,1,3
32808,0,0,0,4,0
32808,0,0,0,2,2
32808,0,0,0,0,4
33525.9,0,0,0,2,2
33525.9,0,0,0,1,3
33528.1,0,0,0,2,2
33528.1,0,0,0,0,4
33611.8,0,0,0,2,2
33611.8,0,0,0,1,3
33688,0,0,0,2,2
33960,0,0,0,1,3
33960,0,0,0,0,4
33961.3,0,0,0,1,3
33968.1,0,0,0,2,2
33968.1,0,0,0,0,4
33989.6,0,0,0,2,2
33989.6,0,0,0,1,3
34011,0,0,0,2,2
34011,0,0,0,0,4
34686,0,0,0,2,2
34686,0,0,0,1,3
34686,0,0,0,0,4
34703.2,0,0,0,1,3
34705.3,0,0,0,2,2
34705.3,0,0,0,0,4
34814.9,0,0,0,2,2
34814.9,0,0,0,1,3
34820.6,0,0,0,2,2
34820.6,0,0,0,0,4
35284,0,0,0,2,2
35509.2,0,0,0,4,0
35509.2,0,0,0,1,3
35840,0,0,0,0,4
35840.2,0,0,0,1,3
35840.2,0,0,0,0,4
35849,0,0,0,1,3
35967.7,0,0,0,4,0
35967.7,0,0,0,2,2
35967.7,0,0,0,1,3
35970.8,0,0,0,2,2
36040,0,0,0,1,3
36040,0,0,0,0,4
36043.3,0,0,0,1,3
36043.3,0,0,0,0,4
36044.6,0,0,0,1,3
36054.5,0,0,0,2,2
36054.5,0,0,0,0,4
36893.1,0,0,0,2,2
36893.1,0,0,0,1,3
36893.1,0,0,0,0,4
36909.9,0,0,0,1,3
36909.9,0,0,0,0,4
36921.5,0,0,0,1,3
36941.8,0,0,0,2,2
37080,0,0,0,1,3
37080,0,0,0,0,4
37081,0,0,0,1,3
37081,0,0,0,0,4
37081.3,0,0,0,1,3
37081.3,0,0,0,0,4
37092.6,0,0,0,1,3
37092.6,0,0,0,0,4
37097.9,0,0,0,1,3
37098.6,0,0,0,2,2
37117.2,0,0,0,4,0
37117.2,0,0,0,1,3
37117.2,0,0,0,0,4
37128.1,0,0,0,1,3
37128.1,0,0,0,0,4
37146.1,0,0,0,1,3
37146.1,0,0,0,0,4
37163.8,0,0,0,1,3
37163.8,0,0,0,0,4
37189.9,0,0,0,1,3
37480,0,0,0,0,4
37480.3,0,0,0,1,3
37480.3,0,0,0,0,4
37498,0,0,0,1,3
37498,0,0,0,0,4
37502.9,0,0,0,1,3
37502.9,0,0,0,0,4
37514.5,0,0,0,1,3
37604.4,0,0,0,4,0
37604.4,0,0,0,1,3
37604.4,0,0,0,0,4
37613.7,0,0,0,1,3
37613.7,0,0,0,0,4
37630.2,0,0,0,1,3
37630.2,0,0,0,0,4
37646,0,0,0,1,3
37646,0,0,0,0,4
37667.8,0,0,0,1,3
37667.8,0,0,0,0,4
37670.7,0,0,0,1,3
37670.7,0,0,0,0,4
38090.5,0,0,0,1,3
38240,0,0,0,0,4
38240.3,0,0,0,1,3
38258.8,0,0,0,4,0
38258.8,0,0,0,2,2
38258.8,0,0,0,1,3
38258.8,0,0,0,0,4
38262.6,0,0,0,1,3
38262.6,0,0,0,0,4
38263.4,0,0,0,1,3
38263.4,0,0,0,0,4
38266.4,0,0,0,1,3
38331.5,0,0,0,2,2
38331.5,0,0,0,0,4
38550.1,0,0,0,2,2
38550.1,0,0,0,1,3
38550.1,0,0,0,0,4
38556.2,0,0,0,1,3
38556.2,0,0,0,0,4
38557.2,0,0,0,1,3
38626.2,0,0,0,2,2
38720.3,0,0,0,4,0
38720.3,0,0,0,1,3
39293.5,0,0,0,4,0
39293.5,0,0,0,2,2
39293.5,0,0,0,1,3
39374.2,0,0,0,2,2
39640,0,0,0,1,3
39640,0,0,0,0,4
39640.5,0,0,0,1,3
39642,0,0,0,2,2
39642,0,0,0,0,4
39756.9,0,0,0,2,2
40567.4,0,0,0,4,0
40567.4,0,0,0,1,3
40680,0,0,0,0,4
40681.9,0,0,0,1,3
40681.9,0,0,0,0,4
40889.4,0,0,0,1,3
40920,0,0,0,0,4
40922.4,0,0,0,1,3
40922.4,0,0,0,0,4
40927.8,0,0,0,1,3
40960,0,0,0,0,4
40961,0,0,0,1,3
40961,0,0,0,0,4
40968.4,0,0,0,1,3
40968.4,0,0,0,0,4
40975.6,0,0,0,1,3
40975.6,0,0,0,0,4
40981.4,0,0,0,1,3
40981.4,0,0,0,0,4
40989.7,0,0,0,1,3
41160,0,0,0,0,4
41161.5,0,0,0,1,3
41161.5,0,0,0,0,4
41168,0,0,0,1,3
41168,0,0,0,0,4
41176.5,0,0,0,1,3
41176.5,0,0,0,0,4
41185.3,0,0,0,1,3
41185.3,0,0,0,0,4
41198.2,0,0,0,1,3
41198.2,0,0,0,0,4
41208,0,0,0,1,3
41221.7,0,0,0,4,0
41221.7,0,0,0,2,2
41221.7,0,0,0,1,3
41221.7,0,0,0,0,4
41232.5,0,0,0,1,3
41232.5,0,0,0,0,4
41233.7,0,0,0,1,3
41233.7,0,0,0,0,4
41236.5,0,0,0,1,3
41236.5,0,0,0,0,4
41241.1,0,0,0,1,3
41241.1,0,0,0,0,4
41249.3,0,0,0,1,3
41249.3,0,0,0,0,4
41255.3,0,0,0,1,3
41255.3,0,0,0,0,4
41258,0,0,0,1,3
41272.3,0,0,0,2,2
41272.3,0,0,0,0,4
41583.9,0,0,0,2,2
41583.9,0,0,0,0,4
41683.2,0,0,0,2,2
41683.2,0,0,0,1,3
41683.2,0,0,0,0,4
41702.1,0,0,0,1,3
41705,0,0,0,2,2
42646.6,0,0,0,4,0
42646.6,0,0,0,1,3
42646.6,0,0,0,0,4
42658.1,0,0,0,1,3
43241.9,0,0,0,4,0
43241.9,0,0,0,1,3
43241.9,0,0,0,0,4
43258.7,0,0,0,1,3
43258.7,0,0,0,0,4
43285.5,0,0,0,1,3
43285.5,0,0,0,0,4
43293.3,0,0,0,1,3
43293.3,0,0,0,0,4
43309.9,0,0,0,1,3
43309.9,0,0,0,0,4
43327.6,0,0,0,1,3
43327.6,0,0,0,0,4
43332.8,0,0,0,1,3
43332.8,0,0,0,0,4
43349.1,0,0,0,1,3
43349.1,0,0,0,0,4
43366.8,0,0,0,1,3
43366.8,0,0,0,0,4
43729.1,0,0,0,3,1
43729.1,0,0,0,0,4
44194.5,0,0,0,1,3
44280,0,0,0,0,4
44280.7,0,0,0,1,3
44280.7,0,0,0,0,4
44287.4,0,0,0,1,3
44287.4,0,0,0,0,4
44303.7,0,0,0,1,3
44320,0,0,0,0,4
44322.8,0,0,0,1,3
44322.8,0,0,0,0,4
44326.6,0,0,0,1,3
44326.6,0,0,0,0,4
44332.3,0,0,0,1,3
44452.6,0,0,0,4,0
44452.6,0,0,0,2,2
44452.6,0,0,0,0,4
44916,0,0,0,2,2
44916,0,0,0,1,3
44924.5,0,0,0,2,2
44924.5,0,0,0,0,4
45143.1,0,0,0,2,2
45143.1,0,0,0,1,3
45143.1,0,0,0,0,4
45151.9,0,0,0,1,3
45161.9,0,0,0,2,2
45161.9,0,0,0,0,4
45170.5,0,0,0,2,2
45400,0,0,0,1,3
45400,0,0,0,0,4
45403,0,0,0,1,3
45403,0,0,0,2,2
45403,0,0,0,1,3
45403,0,0,0,0,4
45417.6,0,0,0,1,3
45417.6,0,0,0,0,4
45423.2,0,0,0,1,3
45423.2,0,0,0,0,4
45441.2,0,0,0,1,3
45441.2,0,0,0,0,4
45449.1,0,0,0,1,3
45449.1,0,0,0,0,4
45458.3,0,0,0,1,3
45472.6,0,0,0,2,2
46224.7,0,0,0,4,0
46224.7,0,0,0,1,3
46224.7,0,0,0,0,4
46300.8,0,0,0,1,3
46300.8,0,0,0,0,4
46305.3,0,0,0,1,3
46305.3,0,0,0,0,4
46325.1,0,0,0,1,3
46325.1,0,0,0,0,4
46342.8,0,0,0,1,3
46342.8,0,0,0,0,4
46391.5,0,0,0,1,3
46391.5,0,0,0,0,4
46408.3,0,0,0,1,3
46408.3,0,0,0,0,4
46423,0,0,0,1,3
46680,0,0,0,0,4
46687.9,0,0,0,1,3
46687.9,0,0,0,0,4
46699.4,0,0,0,1,3
46699.4,0,0,0,0,4
46742.8,0,0,0,1,3
46742.8,0,0,0,0,4
46757.4,0,0,0,1,3
46757.4,0,0,0,0,4
46768.9,0,0,0,1,3
46768.9,0,0,0,0,4
46786.6,0,0,0,1,3
46820,0,0,0,4,0
46820,0,0,0,1,3
47474.4,0,0,0,4,0
47474.4,0,0,0,2,2
47474.4,0,0,0,1,3
47491.5,0,0,0,2,2
47491.5,0,0,0,0,4
47970,0,0,0,2,2
47970.1,0,0,0,1,3
47970.1,0,0,0,0,4
47977.3,0,0,0,1,3
47987.2,0,0,0,3,1
47988.9,0,0,0,4,0
47988.9,0,0,0,1,3
47988.9,0,0,0,0,4
48037.6,0,0,0,1,3
48037.6,0,0,0,0,4
48049.2,0,0,0,1,3
48049.2,0,0,0,0,4
48058.4,0,0,0,1,3
48643.2,0,0,0,4,0
48643.2,0,0,0,1,3
48643.2,0,0,0,0,4
48661,0,0,0,1,3
49366.8,0,0,0,4,0
49366.8,0,0,0,2,2
49366.8,0,0,0,1,3
49366.8,0,0,0,0,4
49383.1,0,0,0,1,3
49383.1,0,0,0,0,4
49404.8,0,0,0,1,3
49404.8,0,0,0,0,4
49411.6,0,0,0,1,3
49418.3,0,0,0,2,2
50050.7,0,0,0,4,0
50050.7,0,0,0,1,3
50050.7,0,0,0,0,4
50097.4,0,0,0,1,3
50097.4,0,0,0,0,4
50166.3,0,0,0,1,3
50166.3,0,0,0,0,4
50185.6,0,0,0,1,3
50185.6,0,0,0,0,4
50207.4,0,0,0,1,3
50207.4,0,0,0,0,4
50224.6,0,0,0,1,3
50224.6,0,0,0,0,4
50242.3,0,0,0,1,3
50242.3,0,0,0,0,4
50276.3,0,0,0,1,3
50276.3,0,0,0,0,4
50341.4,0,0,0,1,3
50341.4,0,0,0,0,4
50422.1,0,0,0,1,3
50422.1,0,0,0,0,4
50434.7,0,0,0,1,3
50434.7,0,0,0,0,4
50524.1,0,0,0,1,3
50524.1,0,0,0,0,4
50529.8,0,0,0,1,3
50529.8,0,0,0,0,4
50646,0,0,0,3,1
50646,0,0,0,2,2
50646,0,0,0,1,3
50646,0,0,0,0,4
50649,0,0,0,1,3
50649,0,0,0,0,4
50653.8,0,0,0,1,3
50653.8,0,0,0,0,4
50658,0,0,0,1,3
50658,0,0,0,0,4
50659.8,0,0,0,1,3
50659.8,0,0,0,0,4
50660.1,0,0,0,1,3
50660.1,0,0,0,0,4
50668.8,0,0,0,1,3
50668.8,0,0,0,0,4
50670.4,0,0,0,1,3
50671.2,0,0,0,2,2
50671.2,0,0,0,0,4
50677.6,0,0,0,1,3
50677.6,0,0,0,0,4
50685.8,0,0,0,1,3
50730.7,0,0,0,2,2
50880,0,0,0,1,3
50880,0,0,0,0,4
50881.5,0,0,0,1,3
50881.5,0,0,0,0,4
50883,0,0,0,1,3
50883,0,0,0,0,4
50890,0,0,0,1,3
50890,0,0,0,0,4
50896.6,0,0,0,1,3
50896.6,0,0,0,0,4
50902.7,0,0,0,1,3
50902.7,0,0,0,0,4
50918.8,0,0,0,1,3
50918.8,0,0,0,0,4
51328,0,0,0,1,3
51328,0,0,0,0,4
51335.2,0,0,0,1,3
51335.2,0,0,0,0,4
51342.4,0,0,0,1,3
51342.4,0,0,0,0,4
51350.9,0,0,0,1,3
51350.9,0,0,0,0,4
51358.8,0,0,0,1,3
51358.9,0,0,0,0,4
51360.7,0,0,0,1,3
51360.7,0,0,0,0,4
51367.2,0,0,0,1,3
51469.5,0,0,0,2,2
51475.1,0,0,0,4,0
51475.1,0,0,0,2,2
51475.1,0,0,0,1,3
51475.1,0,0,0,0,4
51496.5,0,0,0,1,3
51496.5,0,0,0,0,4
51507.3,0,0,0,1,3
51519.9,0,0,0,2,2
51519.9,0,0,0,0,4
51981.4,0,0,0,2,2
51981.4,0,0,0,1,3
51999.1,0,0,0,2,2
51999.1,0,0,0,0,4
52159,0,0,0,2,2
52217.7,0,0,0,4,0
52217.7,0,0,0,1,3
52217.7,0,0,0,0,4
52222.3,0,0,0,1,3
52222.3,0,0,0,0,4
52230.1,0,0,0,1,3
52230.1,0,0,0,0,4
52234.7,0,0,0,1,3
52234.7,0,0,0,0,4
52238,0,0,0,1,3
52238,0,0,0,0,4
52241.9,0,0,0,1,3
52600,0,0,0,0,4
52601,0,0,0,1,3
52601,0,0,0,0,4
52602.8,0,0,0,1,3
52602.9,0,0,0,0,4
52612,0,0,0,1,3
52704.9,0,0,0,4,0
52704.9,0,0,0,2,2
52704.9,0,0,0,1,3
52716.2,0,0,0,2,2
52716.2,0,0,0,0,4
53179.6,0,0,0,2,2
53179.6,0,0,0,1,3
53179.6,0,0,0,0,4
53182.4,0,0,0,1,3
53182.4,0,0,0,0,4
53189.6,0,0,0,1,3
53189.6,0,0,0,0,4
53190.8,0,0,0,1,3
53190.8,0,0,0,0,4
53193.6,0,0,0,1,3
53193.6,0,0,0,0,4
53200.6,0,0,0,2,2
53200.6,0,0,0,1,3
53218.4,0,0,0,2,2
53218.4,0,0,0,0,4
53231.4,0,0,0,1,3
53231.4,0,0,0,0,4
53232.2,0,0,0,1,3
53232.2,0,0,0,0,4
53234.1,0,0,0,1,3
53234.1,0,0,0,0,4
53238,0,0,0,1,3
53238,0,0,0,0,4
53239.8,0,0,0,1,3
53239.8,0,0,0,0,4
53242.1,0,0,0,1,3
53242.1,0,0,0,0,4
53244.6,0,0,0,1,3
53244.6,0,0,0,0,4
53247.4,0,0,0,1,3
53247.4,0,0,0,0,4
53248.2,0,0,0,1,3
53281.8,0,0,0,2,2
53281.8,0,0,0,0,4
53902.4,0,0,0,2,2
53902.4,0,0,0,1,3
53902.4,0,0,0,0,4
53915.8,0,0,0,1,3
53915.8,0,0,0,0,4
53920.1,0,0,0,1,3
53920.1,0,0,0,0,4
53920.9,0,0,0,1,3
53934.7,0,0,0,2,2
53934.7,0,0,0,0,4
54207.2,0,0,0,2,2
54207.2,0,0,0,1,3
54207.2,0,0,0,0,4
54209.6,0,0,0,1,3
54238.2,0,0,0,2,2
54238.2,0,0,0,0,4
54549.8,0,0,0,2,2
54549.8,0,0,0,1,3
54549.8,0,0,0,0,4
54549.9,0,0,0,1,3
54549.9,0,0,0,0,4
54557.2,0,0,0,1,3
54557.2,0,0,0,0,4
54563.7,0,0,0,1,3
54563.7,0,0,0,0,4
54572.4,0,0,0,1,3
54572.4,0,0,0,0,4
54577.7,0,0,0,1,3
54577.7,0,0,0,0,4
54586.1,0,0,0,1,3
54586.1,0,0,0,0,4
54591.2,0,0,0,1,3
54591.2,0,0,0,0,4
54594.8,0,0,0,1,3
54594.8,0,0,0,0,4
54596.3,0,0,0,1,3
54596.3,0,0,0,0,4
54602.9,0,0,0,1,3
54602.9,0,0,0,0,4
54606,0,0,0,1,3
54606.1,0,0,0,0,4
54613.4,0,0,0,1,3
54613.4,0,0,0,0,4
54614.3,0,0,0,1,3
54615.2,0,0,0,2,2
54615.2,0,0,0,0,4
54833.9,0,0,0,2,2
54833.9,0,0,0,1,3
54833.9,0,0,0,0,4
54834.8,0,0,0,1,3
54834.8,0,0,0,0,4
54843.2,0,0,0,1,3
54920,0,0,0,0,4
54925,0,0,0,1,3
54930,0,0,0,2,2
54930,0,0,0,0,4
54997.4,0,0,0,2,2
55040,0,0,0,1,3
55040,0,0,0,0,4
55057.2,0,0,0,1,3
55059.7,0,0,0,2,2
55992.8,0,0,0,4,0
55992.8,0,0,0,1,3
56240,0,0,0,0,4
56243.1,0,0,0,1,3
56716.3,0,0,0,4,0
56716.3,0,0,0,2,2
56716.3,0,0,0,1,3
56716.3,0,0,0,0,4
56743,0,0,0,1,3
56743,0,0,0,0,4
56748.6,0,0,0,1,3
56748.6,0,0,0,0,4
56755.3,0,0,0,1,3
56755.3,0,0,0,0,4
56804.1,0,0,0,1,3
56880,0,0,0,0,4
56883.7,0,0,0,1,3
56897.2,0,0,0,2,2
57434.2,0,0,0,4,0
57434.2,0,0,0,1,3
58029.5,0,0,0,4,0
58029.5,0,0,0,2,2
58029.5,0,0,0,1,3
58076.2,0,0,0,2,2
58076.2,0,0,0,0,4
58341.1,0,0,0,2,2
58341.1,0,0,0,1,3
58341.1,0,0,0,0,4
58343.5,0,0,0,1,3
58343.5,0,0,0,0,4
58346.9,0,0,0,1,3
58346.9,0,0,0,0,4
58358.1,0,0,0,1,3
58358.1,0,0,0,0,4
58366.6,0,0,0,1,3
58366.6,0,0,0,0,4
58369.3,0,0,0,1,3
58369.3,0,0,0,0,4
58378.7,0,0,0,1,3
58378.7,0,0,0,0,4
58389.2,0,0,0,1,3
58389.2,0,0,0,0,4
58417.7,0,0,0,1,3
58457.8,0,0,0,2,2
58539.6,0,0,0,4,0
58539.6,0,0,0,1,3
58539.6,0,0,0,0,4
58577.2,0,0,0,1,3
58577.2,0,0,0,0,4
58857.4,0,0,0,1,3
58857.4,0,0,0,0,4
58865.5,0,0,0,1,3
58865.5,0,0,0,0,4
58868.8,0,0,0,1,3
59112.7,0,0,0,4,0
59112.7,0,0,0,2,2
59112.7,0,0,0,1,3
59112.7,0,0,0,0,4
59116.1,0,0,0,1,3
59116.1,0,0,0,0,4
59118.6,0,0,0,1,3
59118.6,0,0,0,0,4
59119.2,0,0,0,1,3
59119.2,0,0,0,0,4
59130.5,0,0,0,1,3
59130.5,0,0,0,0,4
59138.4,0,0,0,1,3
59138.4,0,0,0,0,4
59150.5,0,0,0,1,3
59150.5,0,0,0,0,4
59152,0,0,0,1,3
59152.3,0,0,0,2,2
59152.3,0,0,0,1,3
59181.9,0,0,0,2,2
59181.9,0,0,0,1,3
59238.8,0,0,0,2,2
59424.3,0,0,0,4,0
59424.3,0,0,0,3,1
59439.4,0,0,0,4,0
59680,0,0,0,3,1
59690.9,0,0,0,4,0
59690.9,0,0,0,3,1
59690.9,0,0,0,2,2
59692.8,0,0,0,3,1
59706.9,0,0,0,4,0
59707,0,0,0,3,1
59724.1,0,0,0,4,0
59724.1,0,0,0,2,2
60786.8,0,0,0,4,0
60786.8,0,0,0,3,1
60803.3,0,0,0,4,0
60803.3,0,0,0,3,1
60810,0,0,0,4,0
60840,0,0,0,3,1
61667.8,0,0,0,4,0
61667.8,0,0,0,3,1
61667.8,0,0,0,2,2
61668.4,0,0,0,3,1
62120,0,0,0,1,3
62495.5,0,0,0,2,2
62495.5,0,0,0,1,3
62501.2,0,0,0,2,2
62501.2,0,0,0,1,3
62508.5,0,0,0,2,2
62615.7,0,0,0,4,0
62615.7,0,0,0,2,2
62615.7,0,0,0,1,3
62615.7,0,0,0,0,4
62621.3,0,0,0,1,3
62623.8,0,0,0,2,2
62623.8,0,0,0,1,3
62627.5,0,0,0,2,2
62627.5,0,0,0,1,3
62647.1,0,0,0,2,2
62647.1,0,0,0,1,3
62666.4,0,0,0,2,2
62666.4,0,0,0,1,3
62682.5,0,0,0,2,2
63171.6,0,0,0,4,0
63171.6,0,0,0,3,1
63172.6,0,0,0,4,0
64480,0,0,0,3,1
64486.2,0,0,0,4,0
64486.2,0,0,0,1,3
64486.2,0,0,0,0,4
64492.7,0,0,0,1,3
64944.7,0,0,0,4,0
64944.7,0,0,0,2,2
65040,0,0,0,1,3
65080,0,0,0,0,4
65091.6,0,0,0,1,3
65091.6,0,0,0,0,4
65102.5,0,0,0,1,3
65102.5,0,0,0,0,4
65116.1,0,0,0,1,3
65116.1,0,0,0,0,4
65147.3,0,0,0,1,3
65147.3,0,0,0,0,4
65151.4,0,0,0,1,3
65151.4,0,0,0,0,4
65173.2,0,0,0,1,3
65205.6,0,0,0,2,2
65440.4,0,0,0,4,0
65440.4,0,0,0,1,3
65440.4,0,0,0,0,4
65456.9,0,0,0,1,3
65456.9,0,0,0,0,4
65475.8,0,0,0,1,3
65475.8,0,0,0,0,4
65540.9,0,0,0,1,3
65540.9,0,0,0,0,4
65560.2,0,0,0,1,3
65560.2,0,0,0,0,4
65576.8,0,0,0,1,3
65576.8,0,0,0,0,4
65579.6,0,0,0,1,3
65600,0,0,0,0,4
65616.6,0,0,0,1,3
65616.6,0,0,0,0,4
65633.1,0,0,0,1,3
65633.1,0,0,0,0,4
65636,0,0,0,1,3
65636,0,0,0,0,4
65680.8,0,0,0,1,3
65680.8,0,0,0,0,4
65700.1,0,0,0,1,3
65700.1,0,0,0,0,4
65765.2,0,0,0,1,3
65898.9,0,0,0,4,0
65898.9,0,0,0,1,3
65898.9,0,0,0,0,4
65932.8,0,0,0,1,3
65932.8,0,0,0,0,4
65958.9,0,0,0,1,3
65958.9,0,0,0,0,4
65963.8,0,0,0,1,3
66357.4,0,0,0,4,0
68120,0,0,0,3,1
68219.3,0,0,0,4,0
68219.3,0,0,0,3,1
68219.3,0,0,0,2,2
68242.4,0,0,0,3,1
68242.4,0,0,0,2,2
68249.7,0,0,0,3,1
68249.7,0,0,0,1,3
68347,0,0,0,2,2
68440,0,0,0,1,3
68441.9,0,0,0,2,2
68441.9,0,0,0,1,3
68441.9,0,0,0,0,4
68450.4,0,0,0,1,3
68455.7,0,0,0,2,2
68455.7,0,0,0,0,4
68713.1,0,0,0,2,2
68713.1,0,0,0,1,3
68734.5,0,0,0,2,2
68734.5,0,0,0,1,3
68760,0,0,0,0,4
68764,0,0,0,1,3
68789.6,0,0,0,2,2
68789.6,0,0,0,1,3
68789.6,0,0,0,0,4
68793.4,0,0,0,1,3
68793.4,0,0,0,0,4
68799,0,0,0,1,3
68799.1,0,0,0,0,4
68815.7,0,0,0,1,3
68875.2,0,0,0,2,2
68919.1,0,0,0,4,0
68919.1,0,0,0,1,3
68919.1,0,0,0,0,4
68936.7,0,0,0,1,3
68936.7,0,0,0,0,4
68937.4,0,0,0,1,3
68937.4,0,0,0,0,4
68940.4,0,0,0,1,3
68940.4,0,0,0,0,4
68944.5,0,0,0,1,3
68944.5,0,0,0,0,4
68991.2,0,0,0,1,3
69120,0,0,0,0,4
69138.5,0,0,0,1,3
69138.5,0,0,0,0,4
69181.8,0,0,0,1,3
69492.3,0,0,0,4,0
69492.3,0,0,0,2,2
69492.3,0,0,0,1,3
69492.3,0,0,0,0,4
69503.9,0,0,0,1,3
69503.9,0,0,0,0,4
69519,0,0,0,1,3
69519,0,0,0,0,4
69521,0,0,0,1,3
69521,0,0,0,0,4
69536.8,0,0,0,1,3
69589.9,0,0,0,2,2
69589.9,0,0,0,1,3
69606.8,0,0,0,2,2
69606.8,0,0,0,0,4
69918.4,0,0,0,2,2
69918.4,0,0,0,1,3
69919.4,0,0,0,2,2
70048.2,0,0,0,4,0
70048.2,0,0,0,3,1
70057.8,0,0,0,4,0
70057.8,0,0,0,3,1
70061.1,0,0,0,4,0
72000,0,0,0,3,1
72009.6,0,0,0,4,0
72009.6,0,0,0,3,1
72009.6,0,0,0,2,2
72009.7,0,0,0,3,1
72009.7,0,0,0,2,2
72017.2,0,0,0,3,1
72017.2,0,0,0,2,2
72020,0,0,0,3,1
72040,0,0,0,2,2
72045.9,0,0,0,3,1
72045.9,0,0,0,2,2
72045.9,0,0,0,1,3
72050.8,0,0,0,2,2
72054.2,0,0,0,3,1
72054.2,0,0,0,2,2
72057.8,0,0,0,3,1
72057.8,0,0,0,2,2
72069.1,0,0,0,3,1
72069.1,0,0,0,2,2
72099.9,0,0,0,3,1
72099.9,0,0,0,2,2
72108.4,0,0,0,3,1
72108.4,0,0,0,2,2
72152.6,0,0,0,3,1
72200,0,0,0,2,2
72429.3,0,0,0,3,1
72429.3,0,0,0,0,4
72609.2,0,0,0,1,3
72609.2,0,0,0,0,4
72612.5,0,0,0,1,3
72612.5,0,0,0,0,4
72612.8,0,0,0,1,3
72612.8,0,0,0,0,4
72650.5,0,0,0,1,3
72650.5,0,0,0,0,4
72658.7,0,0,0,1,3
73083.7,0,0,0,4,0
73083.7,0,0,0,2,2
73083.7,0,0,0,1,3
73083.7,0,0,0,0,4
73087.7,0,0,0,1,3
73087.7,0,0,0,0,4
73089.6,0,0,0,1,3
73089.6,0,0,0,0,4
73091,0,0,0,1,3
73091,0,0,0,0,4
73101.5,0,0,0,1,3
73101.5,0,0,0,0,4
73112.1,0,0,0,1,3
73112.1,0,0,0,0,4
73130.9,0,0,0,1,3
73130.9,0,0,0,0,4
73134.9,0,0,0,1,3
73302.3,0,0,0,3,1
73302.3,0,0,0,2,2
73302.3,0,0,0,1,3
73306.9,0,0,0,2,2
73306.9,0,0,0,1,3
73311.6,0,0,0,2,2
73316.2,0,0,0,3,1
73316.2,0,0,0,2,2
73325.9,0,0,0,3,1
73325.9,0,0,0,2,2
73326.2,0,0,0,3,1
73326.2,0,0,0,2,2
73330.1,0,0,0,3,1
73638.2,0,0,0,4,0
73638.2,0,0,0,2,2
74080,0,0,0,1,3
74099.7,0,0,0,3,1
74149.6,0,0,0,4,0
74149.6,0,0,0,3,1
74149.6,0,0,0,2,2
74160.6,0,0,0,3,1
74429.8,0,0,0,4,0
74429.8,0,0,0,3,1
74430.8,0,0,0,4,0
74430.8,0,0,0,3,1
74436.5,0,0,0,4,0
74436.5,0,0,0,3,1
74476.4,0,0,0,4,0
74476.4,0,0,0,3,1
74520.6,0,0,0,4,0
76000,0,0,0,3,1
76004.2,0,0,0,4,0
76004.2,0,0,0,3,1
76004.2,0,0,0,0,4
76013.8,0,0,0,1,3
76013.8,0,0,0,0,4
76016,0,0,0,1,3
76016,0,0,0,0,4
76022.3,0,0,0,1,3
76462.7,0,0,0,4,0
76462.7,0,0,0,1,3
76462.7,0,0,0,0,4
76500.3,0,0,0,1,3
76500.3,0,0,0,0,4
76707.8,0,0,0,1,3
76880,0,0,0,0,4
76884,0,0,0,1,3
76884,0,0,0,0,4
76887,0,0,0,1,3
76887,0,0,0,0,4
76888.8,0,0,0,1,3
76921.2,0,0,0,4,0
76921.2,0,0,0,1,3
76960,0,0,0,0,4
76965.7,0,0,0,1,3
77644.7,0,0,0,4,0
77644.7,0,0,0,2,2
77644.7,0,0,0,1,3
77644.7,0,0,0,0,4
77648,0,0,0,1,3
77655.4,0,0,0,2,2
77655.4,0,0,0,0,4
78211.4,0,0,0,2,2
78211.4,0,0,0,1,3
78211.4,0,0,0,0,4
78213.1,0,0,0,1,3
78213.1,0,0,0,0,4
78221,0,0,0,1,3
78221,0,0,0,0,4
78223.4,0,0,0,1,3
78223.7,0,0,0,2,2
78223.7,0,0,0,0,4
78362.6,0,0,0,2,2
78362.6,0,0,0,1,3
78362.6,0,0,0,0,4
78379.8,0,0,0,1,3
78379.8,0,0,0,0,4
78380.5,0,0,0,1,3
78380.5,0,0,0,0,4
78381.9,0,0,0,1,3
78381.9,0,0,0,0,4
78398.4,0,0,0,1,3
78423.8,0,0,0,2,2
78423.8,0,0,0,0,4
78941.6,0,0,0,2,2
78941.6,0,0,0,1,3
78941.6,0,0,0,0,4
78943.1,0,0,0,1,3
78943.1,0,0,0,0,4
78948.9,0,0,0,1,3
78948.9,0,0,0,0,4
78958.3,0,0,0,1,3
78958.3,0,0,0,0,4
78969.2,0,0,0,1,3
78969.2,0,0,0,0,4
78981.1,0,0,0,1,3
79352.3,0,0,0,2,2
79352.3,0,0,0,1,3
79354.8,0,0,0,2,2
79486.5,0,0,0,4,0
79520,0,0,0,3,1
79534.6,0,0,0,4,0
79534.6,0,0,0,3,1
79534.6,0,0,0,1,3
79536.6,0,0,0,2,2
79536.6,0,0,0,1,3
79540.8,0,0,0,2,2
79540.8,0,0,0,1,3
79544.9,0,0,0,2,2
79760,0,0,0,1,3
79772.9,0,0,0,2,2
79772.9,0,0,0,1,3
79781.1,0,0,0,2,2
80080,0,0,0,1,3
80081.5,0,0,0,2,2
80360,0,0,0,1,3
80360,0,0,0,0,4
80360.6,0,0,0,1,3
80361.5,0,0,0,2,2
80560,0,0,0,1,3
80560,0,0,0,0,4
80560.2,0,0,0,1,3
80566.7,0,0,0,2,2
80597.3,0,0,0,4,0
80597.3,0,0,0,2,2
80597.3,0,0,0,0,4
81060.7,0,0,0,2,2
81060.7,0,0,0,1,3
81071.5,0,0,0,2,2
81071.5,0,0,0,0,4
81315.2,0,0,0,2,2
81315.2,0,0,0,1,3
81330.3,0,0,0,2,2
81789.4,0,0,0,4,0
81789.4,0,0,0,1,3
81789.4,0,0,0,0,4
81819,0,0,0,1,3
81819,0,0,0,0,4
81821.9,0,0,0,1,3
81821.9,0,0,0,0,4
81830.4,0,0,0,1,3
81830.4,0,0,0,0,4
81873.7,0,0,0,1,3
81873.7,0,0,0,0,4
82074.6,0,0,0,1,3
82074.6,0,0,0,0,4
82108.5,0,0,0,1,3
82108.5,0,0,0,0,4
82117.7,0,0,0,1,3
82117.7,0,0,0,0,4
82120.7,0,0,0,1,3
82384.7,0,0,0,4,0
82384.7,0,0,0,2,2
82384.7,0,0,0,0,4
83068.7,0,0,0,2,2
83068.7,0,0,0,1,3
83068.7,0,0,0,0,4
83071.8,0,0,0,1,3
83071.8,0,0,0,0,4
83073.6,0,0,0,1,3
83073.6,0,0,0,0,4
83076.9,0,0,0,1,3
83076.9,0,0,0,0,4
83078.7,0,0,0,1,3
83079.6,0,0,0,2,2
83188.5,0,0,0,4,0
83188.5,0,0,0,1,3
83188.5,0,0,0,0,4
83271.3,0,0,0,1,3
83271.3,0,0,0,0,4
83273.5,0,0,0,1,3
83273.5,0,0,0,0,4
83313.4,0,0,0,1,3
83313.4,0,0,0,0,4
83316.2,0,0,0,1,3
83316.2,0,0,0,0,4
83317.7,0,0,0,1,3
83400,0,0,0,0,4
83400.7,0,0,0,1,3
83400.7,0,0,0,0,4
83483.5,0,0,0,1,3
83483.5,0,0,0,0,4
83507.6,0,0,0,1,3
83507.6,0,0,0,0,4
83512.9,0,0,0,1,3
83512.9,0,0,0,0,4
83647,0,0,0,3,1
83647,0,0,0,1,3
83647,0,0,0,0,4
83663.3,0,0,0,1,3
83720,0,0,0,0,4
83720.4,0,0,0,1,3
83720.4,0,0,0,0,4
83724.9,0,0,0,1,3
83728.9,0,0,0,2,2
84709.8,0,0,0,4,0
84709.8,0,0,0,1,3
84709.8,0,0,0,0,4
84910.7,0,0,0,1,3
84910.7,0,0,0,0,4
84923.3,0,0,0,1,3
84923.3,0,0,0,0,4
84936.5,0,0,0,1,3
85305.1,0,0,0,4,0
85305.1,0,0,0,2,2
85305.1,0,0,0,1,3
85305.1,0,0,0,0,4
85506,0,0,0,1,3
85506,0,0,0,0,4
85520.6,0,0,0,1,3
85616.7,0,0,0,3,1
85616.7,0,0,0,1,3
85616.7,0,0,0,0,4
85623.4,0,0,0,1,3
85623.4,0,0,0,0,4
85629.4,0,0,0,1,3
85629.4,0,0,0,0,4
85724.8,0,0,0,1,3
85724.8,0,0,0,0,4
85796.8,0,0,0,1,3
85796.8,0,0,0,0,4
85811.4,0,0,0,1,3
85811.4,0,0,0,0,4
85829.2,0,0,0,1,3
85829.2,0,0,0,0,4
85855.9,0,0,0,1,3
85855.9,0,0,0,0,4
85875.4,0,0,0,1,3
85875.4,0,0,0,0,4
85890,0,0,0,1,3
85890,0,0,0,0,4
85895.6,0,0,0,1,3
86144.6,0,0,0,2,2
86144.6,0,0,0,0,4
86542.1,0,0,0,2,2
86542.1,0,0,0,1,3
86542.1,0,0,0,0,4
86548.7,0,0,0,1,3
86548.7,0,0,0,0,4
86549,0,0,0,1,3
86549,0,0,0,0,4
86557.7,0,0,0,1,3
86590.6,0,0,0,2,2
86862.5,0,0,0,4,0
86862.5,0,0,0,1,3
86862.5,0,0,0,0,4
86871.2,0,0,0,1,3
86871.2,0,0,0,0,4
86877.8,0,0,0,1,3
86960,0,0,0,0,4
86962,0,0,0,1,3
86962,0,0,0,0,4
86964.8,0,0,0,1,3
87320,0,0,0,0,4
87343.1,0,0,0,1,3
87435.7,0,0,0,4,0
87435.7,0,0,0,2,2
87435.7,0,0,0,0,4
87654.3,0,0,0,2,2
87654.3,0,0,0,1,3
87730.7,0,0,0,2,2
87730.7,0,0,0,0,4
87991.6,0,0,0,2,2
88160,0,0,0,1,3
88160,0,0,0,0,4
88168.7,0,0,0,1,3
88168.7,0,0,0,0,4
88171.2,0,0,0,1,3
88203.1,0,0,0,2,2
88203.1,0,0,0,0,4
88414.6,0,0,0,2,2
88666.5,0,0,0,4,0
88666.5,0,0,0,1,3
89320.9,0,0,0,4,0
89320.9,0,0,0,2,2
89320.9,0,0,0,1,3
89320.9,0,0,0,0,4
89323.7,0,0,0,1,3
89323.7,0,0,0,0,4
89332.5,0,0,0,1,3
89332.5,0,0,0,0,4
89336.9,0,0,0,1,3
89336.9,0,0,0,0,4
89517,0,0,0,1,3
89521.4,0,0,0,2,2
89521.4,0,0,0,0,4
89632.5,0,0,0,2,2
89632.5,0,0,0,1,3
89632.5,0,0,0,0,4
89632.7,0,0,0,1,3
89632.7,0,0,0,0,4
89635.8,0,0,0,1,3
89635.8,0,0,0,0,4
89637.1,0,0,0,1,3
89637.1,0,0,0,0,4
89637.7,0,0,0,1,3
89643.3,0,0,0,2,2
89643.3,0,0,0,0,4
89740,0,0,0,2,2
89740,0,0,0,0,4
90361.2,0,0,0,2,2
90361.2,0,0,0,1,3
90370.8,0,0,0,2,2
90370.8,0,0,0,1,3
90373,0,0,0,2,2
90373,0,0,0,1,3
90375.8,0,0,0,2,2
90457.9,0,0,0,4,0
90457.9,0,0,0,3,1
90463.6,0,0,0,4,0
91120,0,0,0,3,1
91134.6,0,0,0,4,0
91134.6,0,0,0,3,1
91134.6,0,0,0,0,4
91179.4,0,0,0,1,3
91179.4,0,0,0,0,4
91255.8,0,0,0,1,3
91320,0,0,0,0,4
91321,0,0,0,1,3
91593.1,0,0,0,4,0
91593.1,0,0,0,2,2
91593.1,0,0,0,1,3
91593.1,0,0,0,0,4
91595.1,0,0,0,1,3
91595.1,0,0,0,0,4
91610.8,0,0,0,1,3
91610.8,0,0,0,0,4
91611.5,0,0,0,1,3
91680.5,0,0,0,2,2
91680.5,0,0,0,0,4
92054.6,0,0,0,2,2
92054.6,0,0,0,0,4
92142,0,0,0,2,2
92142,0,0,0,1,3
92142,0,0,0,0,4
92146.9,0,0,0,1,3
92146.9,0,0,0,0,4
92158.6,0,0,0,1,3
92158.6,0,0,0,0,4
92193.5,0,0,0,1,3
92193.5,0,0,0,0,4
92262.4,0,0,0,1,3
92262.4,0,0,0,0,4
92274,0,0,0,1,3
92274,0,0,0,0,4
92300.1,0,0,0,1,3
92300.1,0,0,0,0,4
92305.8,0,0,0,1,3
92305.8,0,0,0,0,4
92322.1,0,0,0,1,3
92359.5,0,0,0,2,2
92359.5,0,0,0,0,4
92671.1,0,0,0,2,2
92671.1,0,0,0,1,3
92671.1,0,0,0,0,4
92688.2,0,0,0,1,3
92688.2,0,0,0,0,4
92689.9,0,0,0,1,3
92777.6,0,0,0,2,2
92777.6,0,0,0,0,4
93117.3,0,0,0,2,2
93360,0,0,0,1,3
93360,0,0,0,0,4
93360.2,0,0,0,1,3
93360.2,0,0,0,0,4
93360.9,0,0,0,1,3
93382.4,0,0,0,2,2
93461.6,0,0,0,4,0
93461.6,0,0,0,1,3
93461.6,0,0,0,0,4
93464.4,0,0,0,1,3
93464.4,0,0,0,0,4
93466.4,0,0,0,1,3
93466.4,0,0,0,0,4
93506.3,0,0,0,1,3
93506.3,0,0,0,0,4
93509.6,0,0,0,1,3
93509.6,0,0,0,0,4
93512.2,0,0,0,1,3
93512.2,0,0,0,0,4
93603.4,0,0,0,1,3
93603.4,0,0,0,0,4
93686.1,0,0,0,1,3
93686.1,0,0,0,0,4
93688.9,0,0,0,1,3
93688.9,0,0,0,0,4
93689.3,0,0,0,1,3
93689.3,0,0,0,0,4
93691.5,0,0,0,1,3
93691.5,0,0,0,0,4
93699.7,0,0,0,1,3
93699.7,0,0,0,0,4
93709.3,0,0,0,1,3
93709.3,0,0,0,0,4
93716.7,0,0,0,1,3
94000,0,0,0,0,4
94001.9,0,0,0,1,3
94034.8,0,0,0,4,0
94034.8,0,0,0,2,2
94034.8,0,0,0,1,3
94034.8,0,0,0,0,4
94036.2,0,0,0,1,3
94036.2,0,0,0,0,4
94039,0,0,0,1,3
94039,0,0,0,0,4
94042.8,0,0,0,1,3
94042.8,0,0,0,0,4
94045.2,0,0,0,1,3
94045.2,0,0,0,0,4
94050.7,0,0,0,1,3
94050.7,0,0,0,0,4
94053.1,0,0,0,1,3
94053.1,0,0,0,0,4
94080.7,0,0,0,1,3
94080.7,0,0,0,0,4
94082.8,0,0,0,1,3
94082.8,0,0,0,0,4
94091.6,0,0,0,1,3
94091.6,0,0,0,0,4
94092.4,0,0,0,1,3
94096.6,0,0,0,2,2
94346.4,0,0,0,4,0
94346.4,0,0,0,1,3
94346.4,0,0,0,0,4
94354.5,0,0,0,1,3
94354.5,0,0,0,0,4
94362.6,0,0,0,1,3
94362.6,0,0,0,0,4
94365.4,0,0,0,1,3
94365.4,0,0,0,0,4
94368.2,0,0,0,1,3
94368.2,0,0,0,0,4
94376.4,0,0,0,1,3
94600,0,0,0,0,4
94603.2,0,0,0,1,3
94640,0,0,0,0,4
94642.4,0,0,0,1,3
94833.6,0,0,0,4,0
94833.6,0,0,0,1,3
95428.9,0,0,0,4,0
95428.9,0,0,0,2,2
95428.9,0,0,0,1,3
95428.9,0,0,0,0,4
95445.6,0,0,0,1,3
95445.7,0,0,0,0,4
95452.3,0,0,0,1,3
95452.3,0,0,0,0,4
95452.8,0,0,0,1,3
95452.8,0,0,0,0,4
95492.7,0,0,0,1,3
95680,0,0,0,0,4
95682.4,0,0,0,1,3
95682.4,0,0,0,0,4
95720.1,0,0,0,1,3
95720.1,0,0,0,0,4
95721.6,0,0,0,1,3
95955,0,0,0,2,2
95955,0,0,0,0,4
96112.8,0,0,0,2,2
96112.8,0,0,0,1,3
96129.1,0,0,0,2,2
96129.1,0,0,0,0,4
96758.8,0,0,0,2,2
96758.8,0,0,0,1,3
96758.8,0,0,0,0,4
96767.6,0,0,0,1,3
96769.4,0,0,0,2,2
96769.4,0,0,0,0,4
96933,0,0,0,2,2
96933,0,0,0,1,3
96933,0,0,0,0,4
96949.6,0,0,0,1,3
96949.6,0,0,0,0,4
96964.2,0,0,0,1,3
96964.2,0,0,0,0,4
96998.1,0,0,0,1,3
96998.1,0,0,0,0,4
97022.4,0,0,0,1,3
97022.4,0,0,0,0,4
97024.2,0,0,0,1,3
97024.2,0,0,0,0,4
97035.9,0,0,0,1,3
97035.9,0,0,0,0,4
97041.8,0,0,0,1,3
97041.8,0,0,0,0,4
97049.6,0,0,0,1,3
97049.6,0,0,0,0,4
97079.2,0,0,0,1,3
97079.2,0,0,0,0,4
97098.9,0,0,0,1,3
97469.4,0,0,0,2,2
97469.4,0,0,0,0,4
97573.2,0,0,0,2,2
97573.2,0,0,0,1,3
97573.2,0,0,0,0,4
97582.1,0,0,0,1,3
97582.1,0,0,0,0,4
97583.8,0,0,0,1,3
97583.8,0,0,0,0,4
97587.6,0,0,0,1,3
97587.6,0,0,0,0,4
97591.7,0,0,0,1,3
97591.7,0,0,0,0,4
97598.2,0,0,0,1,3
97598.2,0,0,0,0,4
97609.2,0,0,0,1,3
97609.2,0,0,0,0,4
97610.4,0,0,0,1,3
97610.4,0,0,0,0,4
97624.3,0,0,0,1,3
97624.3,0,0,0,0,4
97680.9,0,0,0,1,3
97680.9,0,0,0,0,4
97713.1,0,0,0,1,3
97984.5,0,0,0,2,2
98160,0,0,0,1,3
98170,0,0,0,2,2
98170,0,0,0,1,3
98170,0,0,0,0,4
98171.9,0,0,0,1,3
98171.9,0,0,0,0,4
98178.8,0,0,0,1,3
98180.3,0,0,0,2,2
98180.3,0,0,0,1,3
98183.5,0,0,0,2,2
98183.5,0,0,0,1,3
98196.1,0,0,0,2,2
98196.1,0,0,0,1,3
98200.2,0,0,0,2,2
98532.1,0,0,0,4,0
98532.1,0,0,0,3,1
98716.6,0,0,0,4,0
98716.6,0,0,0,3,1
98734.2,0,0,0,4,0
98880,0,0,0,3,1
98897.1,0,0,0,4,0
98897.2,0,0,0,3,1
98897.2,0,0,0,2,2
98897.6,0,0,0,3,1
98897.6,0,0,0,2,2
98901.5,0,0,0,3,1
98901.5,0,0,0,2,2
98903.9,0,0,0,3,1
98909.6,0,0,0,4,0
98909.6,0,0,0,3,1
98910.1,0,0,0,4,0
98910.1,0,0,0,3,1
98954.9,0,0,0,4,0
99440,0,0,0,3,1
99473.9,0,0,0,4,0
99473.9,0,0,0,1,3
99932.4,0,0,0,4,0
99932.4,0,0,0,2,2
99932.4,0,0,0,0,4
100244,0,0,0,2,2
100244,0,0,0,1,3
100266,0,0,0,2,2
100428,0,0,0,4,0
100428,0,0,0,3,1
100443,0,0,0,4,0
100443,0,0,0,3,1
100448,0,0,0,4,0
101160,0,0,0,3,1
101178,0,0,0,4,0
101178,0,0,0,3,1
101178,0,0,0,2,2
101196,0,0,0,3,1
101196,0,0,0,2,2
101206,0,0,0,3,1
101206,0,0,0,2,2
101206,0,0,0,3,1
101247,0,0,0,4,0
101247,0,0,0,2,2
101320,0,0,0,1,3
101322,0,0,0,2,2
101322,0,0,0,1,3
101322,0,0,0,0,4
101324,0,0,0,1,3
101324,0,0,0,0,4
101331,0,0,0,1,3
101431,0,0,0,2,2
101710,0,0,0,4,0
101710,0,0,0,1,3
101880,0,0,0,0,4
101881,0,0,0,1,3
101960,0,0,0,0,4
101965,0,0,0,1,3
102305,0,0,0,4,0
102305,0,0,0,2,2
102305,0,0,0,0,4
103231,0,0,0,2,2
103231,0,0,0,4,0
103231,0,0,0,3,1
103231,0,0,0,2,2
103231,0,0,0,1,3
103244,0,0,0,2,2
103244,0,0,0,0,4
103244,0,0,0,1,3
103244,0,0,0,0,4
103244,0,0,0,1,3
103244,0,0,0,0,4
103258,0,0,0,1,3
103258,0,0,0,0,4
103268,0,0,0,1,3
103268,0,0,0,0,4
103278,0,0,0,1,3
103278,0,0,0,0,4
103285,0,0,0,1,3
103285,0,0,0,0,4
103286,0,0,0,1,3
103286,0,0,0,0,4
103288,0,0,0,1,3
103288,0,0,0,0,4
103292,0,0,0,1,3
103292,0,0,0,0,4
103294,0,0,0,1,3
103294,0,0,0,0,4
103302,0,0,0,1,3
103302,0,0,0,0,4
103310,0,0,0,1,3
103411,0,0,0,2,2
104306,0,0,0,4,0
104306,0,0,0,1,3
104306,0,0,0,0,4
104313,0,0,0,1,3
104313,0,0,0,0,4
104389,0,0,0,1,3
104389,0,0,0,0,4
104406,0,0,0,1,3
104406,0,0,0,0,4
104428,0,0,0,1,3
104428,0,0,0,0,4
104432,0,0,0,1,3
104880,0,0,0,0,4
104887,0,0,0,1,3
104902,0,0,0,4,0
104902,0,0,0,2,2
104902,0,0,0,1,3
104902,0,0,0,0,4
104928,0,0,0,1,3
104982,0,0,0,2,2
104982,0,0,0,0,4
105365,0,0,0,2,2
105365,0,0,0,1,3
105365,0,0,0,0,4
105376,0,0,0,1,3
105376,0,0,0,0,4
105467,0,0,0,1,3
105482,0,0,0,2,2
105482,0,0,0,0,4
105701,0,0,0,2,2
105701,0,0,0,1,3
105701,0,0,0,0,4
105718,0,0,0,1,3
105718,0,0,0,0,4
105742,0,0,0,1,3
105742,0,0,0,0,4
105748,0,0,0,1,3
105748,0,0,0,0,4
105786,0,0,0,2,2
105786,0,0,0,1,3
105786,0,0,0,0,4
105805,0,0,0,1,3
105805,0,0,0,0,4
105808,0,0,0,1,3
105808,0,0,0,0,4
105817,0,0,0,1,3
105817,0,0,0,0,4
105827,0,0,0,1,3
105827,0,0,0,0,4
105839,0,0,0,1,3
105839,0,0,0,0,4
105843,0,0,0,1,3
105843,0,0,0,0,4
105845,0,0,0,1,3
105845,0,0,0,0,4
105846,0,0,0,1,3
105846,0,0,0,0,4
105855,0,0,0,1,3
105855,0,0,0,0,4
105863,0,0,0,1,3
105863,0,0,0,0,4
105863,0,0,0,1,3
105863,0,0,0,0,4
105876,0,0,0,1,3
105876,0,0,0,0,4
105877,0,0,0,1,3
105877,0,0,0,0,4
105879,0,0,0,1,3
105879,0,0,0,0,4
105880,0,0,0,1,3
105886,0,0,0,2,2
105886,0,0,0,1,3
105895,0,0,0,2,2
105931,0,0,0,3,1
106015,0,0,0,4,0
106015,0,0,0,3,1
106019,0,0,0,4,0
106019,0,0,0,3,1
106022,0,0,0,4,0
106022,0,0,0,3,1
106023,0,0,0,4,0
107760,0,0,0,3,1
107764,0,0,0,4,0
107764,0,0,0,3,1
107764,0,0,0,2,2
107776,0,0,0,3,1
107863,0,0,0,4,0
107863,0,0,0,3,1
107872,0,0,0,4,0
107872,0,0,0,3,1
107877,0,0,0,4,0
107877,0,0,0,3,1
107879,0,0,0,4,0
107879,0,0,0,3,1
107960,0,0,0,1,3
108000,0,0,0,0,4
108034,0,0,0,1,3
108034,0,0,0,0,4
108051,0,0,0,1,3
108051,0,0,0,0,4
108070,0,0,0,1,3
108070,0,0,0,0,4
108086,0,0,0,1,3
108086,0,0,0,0,4
108135,0,0,0,1,3
108135,0,0,0,0,4
108152,0,0,0,1,3
108152,0,0,0,0,4
108159,0,0,0,1,3
108170,0,0,0,2,2
108516,0,0,0,4,0
108516,0,0,0,2,2
108516,0,0,0,1,3
108516,0,0,0,0,4
108559,0,0,0,1,3
108717,0,0,0,2,2
108717,0,0,0,0,4
109273,0,0,0,2,2
109273,0,0,0,1,3
109273,0,0,0,0,4
109278,0,0,0,1,3
109278,0,0,0,0,4
109281,0,0,0,1,3
109289,0,0,0,2,2
109289,0,0,0,0,4
109441,0,0,0,2,2
109441,0,0,0,1,3
109441,0,0,0,0,4
109443,0,0,0,1,3
109443,0,0,0,0,4
109452,0,0,0,1,3
109452,0,0,0,0,4
109452,0,0,0,1,3
109452,0,0,0,0,4
109461,0,0,0,1,3
109461,0,0,0,0,4
109461,0,0,0,1,3
109469,0,0,0,2,2
109753,0,0,0,4,0
109753,0,0,0,1,3
109753,0,0,0,0,4
109759,0,0,0,1,3
109759,0,0,0,0,4
109765,0,0,0,1,3
109800,0,0,0,0,4
109802,0,0,0,1,3
110040,0,0,0,0,4
110043,0,0,0,1,3
110043,0,0,0,0,4
110051,0,0,0,1,3
110051,0,0,0,0,4
110055,0,0,0,1,3
110055,0,0,0,0,4
110057,0,0,0,1,3
110057,0,0,0,0,4
110067,0,0,0,1,3
110326,0,0,0,4,0
110326,0,0,0,2,2
110326,0,0,0,0,4
110789,0,0,0,2,2
111010,0,0,0,4,0
111010,0,0,0,1,3
111010,0,0,0,0,4
111032,0,0,0,1,3
111032,0,0,0,0,4
111121,0,0,0,1,3
111121,0,0,0,0,4
111124,0,0,0,1,3
111124,0,0,0,0,4
111151,0,0,0,1,3
111151,0,0,0,0,4
111168,0,0,0,1,3
111168,0,0,0,0,4
111183,0,0,0,1,3
111183,0,0,0,0,4
111186,0,0,0,1,3
111468,0,0,0,4,0
111468,0,0,0,1,3
111800,0,0,0,0,4
111807,0,0,0,1,3
112080,0,0,0,0,4
112092,0,0,0,1,3
112120,0,0,0,0,4
112123,0,0,0,3,1
112123,0,0,0,0,4
112124,0,0,0,1,3
112581,0,0,0,4,0
112581,0,0,0,2,2
112581,0,0,0,1,3
112581,0,0,0,0,4
112600,0,0,0,1,3
112600,0,0,0,0,4
112613,0,0,0,1,3
112640,0,0,0,0,4
112643,0,0,0,1,3
112643,0,0,0,0,4
112661,0,0,0,1,3
112661,0,0,0,0,4
112665,0,0,0,1,3
112893,0,0,0,3,1
112893,0,0,0,1,3
112893,0,0,0,0,4
112969,0,0,0,1,3
112969,0,0,0,0,4
113045,0,0,0,1,3
113045,0,0,0,0,4
113063,0,0,0,1,3
113063,0,0,0,0,4
113067,0,0,0,1,3
113067,0,0,0,0,4
113072,0,0,0,1,3
113280,0,0,0,0,4
113280,0,0,0,1,3
113409,0,0,0,2,2
113449,0,0,0,4,0
113449,0,0,0,1,3
114044,0,0,0,4,0
114044,0,0,0,2,2
114044,0,0,0,1,3
114044,0,0,0,0,4
114061,0,0,0,1,3
114061,0,0,0,0,4
114063,0,0,0,1,3
114063,0,0,0,0,4
114078,0,0,0,1,3
114078,0,0,0,0,4
114081,0,0,0,1,3
114081,0,0,0,0,4
114082,0,0,0,1,3
114501,0,0,0,2,2
114501,0,0,0,0,4
115107,0,0,0,2,2
115107,0,0,0,1,3
115107,0,0,0,0,4
115116,0,0,0,1,3
115116,0,0,0,0,4
115117,0,0,0,1,3
115117,0,0,0,0,4
115124,0,0,0,1,3
115124,0,0,0,0,4
115136,0,0,0,1,3
115136,0,0,0,0,4
115138,0,0,0,1,3
115138,0,0,0,0,4
115139,0,0,0,1,3
115139,0,0,0,0,4
115162,0,0,0,1,3
115162,0,0,0,0,4
115175,0,0,0,1,3
115175,0,0,0,0,4
115183,0,0,0,1,3
115183,0,0,0,0,4
115217,0,0,0,1,3
115217,0,0,0,0,4
115223,0,0,0,1,3
115223,0,0,0,0,4
115226,0,0,0,1,3
115226,0,0,0,0,4
115229,0,0,0,1,3
115229,0,0,0,0,4
115234,0,0,0,1,3
115234,0,0,0,0,4
115239,0,0,0,1,3
115243,0,0,0,2,2
115243,0,0,0,0,4
115564,0,0,0,2,2
115564,0,0,0,1,3
115565,0,0,0,2,2
115720,0,0,0,1,3
115735,0,0,0,2,2
115799,0,0,0,4,0
115799,0,0,0,1,3
115799,0,0,0,0,4
115805,0,0,0,1,3
115805,0,0,0,0,4
115821,0,0,0,1,3
115821,0,0,0,0,4
115830,0,0,0,1,3
115830,0,0,0,0,4
115835,0,0,0,1,3
115835,0,0,0,0,4
115847,0,0,0,1,3
115847,0,0,0,0,4
115864,0,0,0,1,3
115864,0,0,0,0,4
115897,0,0,0,1,3
115897,0,0,0,0,4
115919,0,0,0,1,3
116040,0,0,0,0,4
116055,0,0,0,1,3
116286,0,0,0,4,0
116286,0,0,0,2,2
116286,0,0,0,1,3
116286,0,0,0,0,4
116295,0,0,0,1,3
116295,0,0,0,0,4
116305,0,0,0,1,3
116305,0,0,0,0,4
116315,0,0,0,1,3
116315,0,0,0,0,4
116316,0,0,0,1,3
116316,0,0,0,0,4
116321,0,0,0,1,3
116321,0,0,0,0,4
116324,0,0,0,1,3
116324,0,0,0,0,4
116327,0,0,0,1,3
116327,0,0,0,0,4
116333,0,0,0,1,3
116333,0,0,0,0,4
116334,0,0,0,1,3
116334,0,0,0,0,4
116338,0,0,0,1,3
116349,0,0,0,2,2
116600,0,0,0,1,3
116605,0,0,0,2,2
116605,0,0,0,1,3
116605,0,0,0,0,4
116623,0,0,0,1,3
116680,0,0,0,0,4
116688,0,0,0,1,3
116688,0,0,0,0,4
116889,0,0,0,1,3
116889,0,0,0,0,4
116978,0,0,0,1,3
116978,0,0,0,0,4
117022,0,0,0,1,3
117022,0,0,0,0,4
117025,0,0,0,1,3
117025,0,0,0,0,4
117026,0,0,0,1,3
117026,0,0,0,0,4
117027,0,0,0,1,3
117027,0,0,0,0,4
117033,0,0,0,1,3
117033,0,0,0,0,4
117043,0,0,0,1,3
117043,0,0,0,0,4
117044,0,0,0,1,3
117044,0,0,0,0,4
117045,0,0,0,1,3
117045,0,0,0,0,4
117051,0,0,0,1,3
117051,0,0,0,0,4
117060,0,0,0,1,3
117060,0,0,0,0,4
117070,0,0,0,1,3
117070,0,0,0,0,4
117088,0,0,0,1,3
117136,0,0,0,2,2
117349,0,0,0,4,0
117349,0,0,0,1,3
117349,0,0,0,0,4
117397,0,0,0,1,3
117397,0,0,0,0,4
117424,0,0,0,1,3
117424,0,0,0,0,4
117427,0,0,0,1,3
117427,0,0,0,0,4
117439,0,0,0,1,3
117807,0,0,0,4,0
118960,0,0,0,3,1
119000,0,0,0,4,0
119000,0,0,0,1,3
119000,0,0,0,0,4
119012,0,0,0,1,3
119200,0,0,0,0,4
119218,0,0,0,1,3
119218,0,0,0,0,4
119298,0,0,0,1,3
119298,0,0,0,0,4
119310,0,0,0,1,3
119310,0,0,0,0,4
119328,0,0,0,1,3
119328,0,0,0,0,4
119344,0,0,0,1,3
119573,0,0,0,4,0
119573,0,0,0,2,2
119573,0,0,0,1,3
119643,0,0,0,2,2
119643,0,0,0,1,3
119688,0,0,0,2,2
119688,0,0,0,1,3
119693,0,0,0,2,2
119693,0,0,0,1,3
119702,0,0,0,2,2
120000,0,0,0,1,3
120016,0,0,0,2,2
120016,0,0,0,1,3
120016,0,0,0,0,4
120032,0,0,0,1,3
120032,0,0,0,0,4
120037,0,0,0,1,3
120069,0,0,0,3,1
120069,0,0,0,2,2
120070,0,0,0,3,1
120217,0,0,0,4,0
120217,0,0,0,1,3
120812,0,0,0,4,0
120812,0,0,0,1,3
120812,0,0,0,0,4
120815,0,0,0,1,3
120815,0,0,0,0,4
120823,0,0,0,1,3
121407,0,0,0,4,0
121407,0,0,0,1,3
121407,0,0,0,0,4
121866,0,0,0,3,1
121866,0,0,0,2,2
121949,0,0,0,3,1
121949,0,0,0,2,2
121951,0,0,0,3,1
121974,0,0,0,4,0
121974,0,0,0,3,1
121991,0,0,0,4,0
121991,0,0,0,3,1
122003,0,0,0,4,0
122240,0,0,0,3,1
122440,0,0,0,2,2
122505,0,0,0,3,1
122505,0,0,0,2,2
122514,0,0,0,3,1
122514,0,0,0,0,4
122807,0,0,0,1,3
122807,0,0,0,0,4
122856,0,0,0,1,3
123110,0,0,0,4,0
123110,0,0,0,2,2
123110,0,0,0,1,3
123110,0,0,0,0,4
123116,0,0,0,1,3
123136,0,0,0,2,2
123136,0,0,0,1,3
123155,0,0,0,2,2
123155,0,0,0,1,3
123168,0,0,0,2,2
123328,0,0,0,4,0
123328,0,0,0,2,2
123440,0,0,0,1,3
123440,0,0,0,2,2
123440,0,0,0,0,4
123902,0,0,0,2,2
123902,0,0,0,1,3
123902,0,0,0,0,4
123903,0,0,0,1,3
123903,0,0,0,0,4
123918,0,0,0,1,3
123918,0,0,0,0,4
123920,0,0,0,1,3
123920,0,0,0,0,4
123925,0,0,0,1,3
123925,0,0,0,0,4
123936,0,0,0,1,3
123936,0,0,0,0,4
123938,0,0,0,1,3
123938,0,0,0,0,4
123941,0,0,0,1,3
123941,0,0,0,0,4
123945,0,0,0,1,3
123945,0,0,0,0,4
123946,0,0,0,1,3
123961,0,0,0,2,2
123961,0,0,0,1,3
123964,0,0,0,2,2
123964,0,0,0,1,3
123993,0,0,0,2,2
124132,0,0,0,4,0
124132,0,0,0,1,3
124619,0,0,0,4,0
124619,0,0,0,2,2
125115,0,0,0,4,0
125115,0,0,0,3,1
125138,0,0,0,4,0
126560,0,0,0,3,1
126561,0,0,0,4,0
126561,0,0,0,1,3
126561,0,0,0,0,4
126608,0,0,0,1,3
126920,0,0,0,0,4
126927,0,0,0,1,3
126927,0,0,0,0,4
126931,0,0,0,1,3
127020,0,0,0,4,0
127020,0,0,0,2,2
127020,0,0,0,1,3
127020,0,0,0,0,4
127029,0,0,0,1,3
127029,0,0,0,0,4
127047,0,0,0,1,3
127069,0,0,0,2,2
127069,0,0,0,1,3
127115,0,0,0,2,2
127520,0,0,0,0,4
127704,0,0,0,2,2
127832,0,0,0,4,0
127832,0,0,0,1,3
127832,0,0,0,0,4
127840,0,0,0,1,3
127840,0,0,0,0,4
127845,0,0,0,1,3
127845,0,0,0,0,4
127883,0,0,0,1,3
128486,0,0,0,4,0
128486,0,0,0,1,3
128486,0,0,0,0,4
128496,0,0,0,1,3
128496,0,0,0,0,4
128502,0,0,0,1,3
128502,0,0,0,0,4
128512,0,0,0,1,3
128512,0,0,0,0,4
128517,0,0,0,1,3
128517,0,0,0,0,4
128525,0,0,0,1,3
129081,0,0,0,4,0
129920,0,0,0,3,1
129960,0,0,0,2,2
129961,0,0,0,3,1
129961,0,0,0,2,2
129961,0,0,0,1,3
129962,0,0,0,2,2
129962,0,0,0,1,3
129964,0,0,0,2,2
129965,0,0,0,3,1
129965,0,0,0,2,2
129966,0,0,0,3,1
129966,0,0,0,2,2
129990,0,0,0,3,1
129990,0,0,0,2,2
129990,0,0,0,1,3
130003,0,0,0,2,2
130003,0,0,0,1,3
130006,0,0,0,2,2
130006,0,0,0,1,3
130006,0,0,0,2,2
130008,0,0,0,3,1
130013,0,0,0,4,0
130013,0,0,0,3,1
130022,0,0,0,4,0
130022,0,0,0,3,1
130029,0,0,0,4,0
130029,0,0,0,2,2
130400,0,0,0,1,3
130403,0,0,0,2,2
130403,0,0,0,1,3
130403,0,0,0,0,4
130408,0,0,0,1,3
130422,0,0,0,2,2
130422,0,0,0,0,4
130713,0,0,0,2,2
130713,0,0,0,1,3
130751,0,0,0,2,2
130751,0,0,0,1,3
130751,0,0,0,0,4
130754,0,0,0,1,3
130783,0,0,0,2,2
130783,0,0,0,1,3
130791,0,0,0,2,2
130791,0,0,0,1,3
130799,0,0,0,2,2
130799,0,0,0,1,3
130805,0,0,0,2,2
130805,0,0,0,1,3
130805,0,0,0,2,2
131348,0,0,0,4,0
131348,0,0,0,3,1
131367,0,0,0,4,0
131367,0,0,0,3,1
131377,0,0,0,4,0
131377,0,0,0,3,1
131422,0,0,0,4,0
133880,0,0,0,3,1
133881,0,0,0,4,0
133881,0,0,0,3,1
133881,0,0,0,1,3
133896,0,0,0,2,2
133896,0,0,0,1,3
133920,0,0,0,0,4
133934,0,0,0,1,3
133934,0,0,0,0,4
133942,0,0,0,1,3
134087,0,0,0,2,2
134087,0,0,0,1,3
134087,0,0,0,0,4
134100,0,0,0,2,2
134100,0,0,0,1,3
134111,0,0,0,2,2
134111,0,0,0,1,3
134119,0,0,0,2,2
134119,0,0,0,1,3
134128,0,0,0,2,2
134160,0,0,0,1,3
134169,0,0,0,2,2
134169,0,0,0,1,3
134169,0,0,0,0,4
134174,0,0,0,1,3
134174,0,0,0,0,4
134180,0,0,0,1,3
134180,0,0,0,0,4
134182,0,0,0,1,3
134186,0,0,0,2,2
134520,0,0,0,1,3
134611,0,0,0,2,2
134626,0,0,0,3,1
134626,0,0,0,0,4
134654,0,0,0,1,3
134654,0,0,0,0,4
134667,0,0,0,1,3
134667,0,0,0,0,4
135199,0,0,0,3,1
135199,0,0,0,2,2
135199,0,0,0,1,3
135199,0,0,0,0,4
135202,0,0,0,1,3
135202,0,0,0,0,4
135208,0,0,0,1,3
135208,0,0,0,0,4
135210,0,0,0,1,3
135210,0,0,0,0,4
135220,0,0,0,1,3
135220,0,0,0,0,4
135229,0,0,0,1,3
135229,0,0,0,0,4
135238,0,0,0,1,3
135300,0,0,0,2,2
135300,0,0,0,1,3
135301,0,0,0,2,2
135301,0,0,0,0,4
135370,0,0,0,1,3
135495,0,0,0,2,2
135495,0,0,0,0,4
135857,0,0,0,2,2
135857,0,0,0,1,3
135857,0,0,0,0,4
135895,0,0,0,1,3
135895,0,0,0,0,4
135897,0,0,0,1,3
135897,0,0,0,0,4
135914,0,0,0,1,3
135914,0,0,0,0,4
135914,0,0,0,1,3
135919,0,0,0,2,2
135919,0,0,0,1,3
135920,0,0,0,2,2
135920,0,0,0,1,3
135928,0,0,0,2,2
136421,0,0,0,4,0
136421,0,0,0,1,3
136421,0,0,0,0,4
136425,0,0,0,1,3
136425,0,0,0,0,4
136426,0,0,0,1,3
136426,0,0,0,0,4
136460,0,0,0,1,3
136800,0,0,0,0,4
136908,0,0,0,3,1
137008,0,0,0,4,0
137008,0,0,0,3,1
137008,0,0,0,2,2
137015,0,0,0,3,1
137015,0,0,0,2,2
137018,0,0,0,3,1
137022,0,0,0,4,0
137022,0,0,0,2,2
137160,0,0,0,1,3
137163,0,0,0,2,2
137163,0,0,0,1,3
137163,0,0,0,0,4
137333,0,0,0,2,2
137348,0,0,0,3,1
137364,0,0,0,4,0
137364,0,0,0,1,3
137364,0,0,0,0,4
137377,0,0,0,1,3
137377,0,0,0,0,4
137383,0,0,0,1,3
137383,0,0,0,0,4
137386,0,0,0,1,3
137386,0,0,0,0,4
137433,0,0,0,1,3
137480,0,0,0,0,4
137550,0,0,0,1,3
137550,0,0,0,0,4
137553,0,0,0,1,3
137553,0,0,0,0,4
137599,0,0,0,1,3
137599,0,0,0,0,4
137611,0,0,0,1,3
137611,0,0,0,0,4
137624,0,0,0,1,3
137624,0,0,0,0,4
137937,0,0,0,3,1
137937,0,0,0,2,2
137950,0,0,0,3,1
138360,0,0,0,2,2
138369,0,0,0,3,1
138369,0,0,0,1,3
138369,0,0,0,0,4
138383,0,0,0,1,3
138400,0,0,0,0,4
138404,0,0,0,1,3
138404,0,0,0,0,4
138410,0,0,0,1,3
138410,0,0,0,0,4
138432,0,0,0,1,3
138432,0,0,0,0,4
138433,0,0,0,1,3
138433,0,0,0,0,4
138450,0,0,0,1,3
138450,0,0,0,0,4
138451,0,0,0,1,3
138451,0,0,0,0,4
138455,0,0,0,1,3
138484,0,0,0,2,2
138484,0,0,0,1,3
138501,0,0,0,2,2
139294,0,0,0,4,0
139294,0,0,0,3,1
139303,0,0,0,4,0
139303,0,0,0,3,1
139305,0,0,0,4,0
139305,0,0,0,3,1
139315,0,0,0,4,0
139315,0,0,0,3,1
139319,0,0,0,4,0
140400,0,0,0,3,1
140440,0,0,0,2,2
140450,0,0,0,3,1
140450,0,0,0,2,2
140450,0,0,0,1,3
140451,0,0,0,2,2
140451,0,0,0,3,1
140451,0,0,0,1,3
140483,0,0,0,2,2
140483,0,0,0,1,3
140483,0,0,0,0,4
140489,0,0,0,1,3
140489,0,0,0,0,4
140491,0,0,0,1,3
140491,0,0,0,0,4
140495,0,0,0,1,3
140514,0,0,0,2,2
140514,0,0,0,1,3
140528,0,0,0,2,2
140528,0,0,0,1,3
140534,0,0,0,2,2
140920,0,0,0,1,3
140954,0,0,0,2,2
140954,0,0,0,1,3
140954,0,0,0,0,4
140956,0,0,0,1,3
140956,0,0,0,0,4
140973,0,0,0,1,3
140994,0,0,0,2,2
140994,0,0,0,1,3
140997,0,0,0,2,2
140997,0,0,0,1,3
141002,0,0,0,2,2
141002,0,0,0,1,3
141007,0,0,0,3,1
141007,0,0,0,2,2
141012,0,0,0,3,1
141012,0,0,0,2,2
141037,0,0,0,3,1
141129,0,0,0,4,0
141129,0,0,0,3,1
141136,0,0,0,4,0
141200,0,0,0,3,1
141210,0,0,0,4,0
141210,0,0,0,3,1
141210,0,0,0,2,2
141220,0,0,0,3,1
141232,0,0,0,4,0
141232,0,0,0,3,1
141246,0,0,0,4,0
141246,0,0,0,3,1
141252,0,0,0,4,0
141252,0,0,0,3,1
141259,0,0,0,4,0
141259,0,0,0,3,1
141261,0,0,0,4,0
141520,0,0,0,3,1
141524,0,0,0,4,0
141524,0,0,0,3,1
141524,0,0,0,2,2
141533,0,0,0,3,1
141534,0,0,0,4,0
141534,0,0,0,3,1
141541,0,0,0,4,0
141541,0,0,0,3,1
141543,0,0,0,4,0
141543,0,0,0,3,1
141550,0,0,0,4,0
141550,0,0,0,3,1
141583,0,0,0,4,0
144680,0,0,0,3,1
144714,0,0,0,4,0
144714,0,0,0,3,1
144714,0,0,0,2,2
144716,0,0,0,3,1
144720,0,0,0,2,2
144722,0,0,0,3,1
144722,0,0,0,2,2
144732,0,0,0,3,1
144732,0,0,0,2,2
144740,0,0,0,3,1
144740,0,0,0,2,2
144743,0,0,0,3,1
144743,0,0,0,2,2
144748,0,0,0,3,1
145040,0,0,0,2,2
145048,0,0,0,3,1
145048,0,0,0,2,2
145048,0,0,0,1,3
145055,0,0,0,2,2
145065,0,0,0,3,1
145065,0,0,0,1,3
145160,0,0,0,0,4
145192,0,0,0,1,3
145192,0,0,0,0,4
145197,0,0,0,1,3
145197,0,0,0,0,4
145201,0,0,0,1,3
145201,0,0,0,0,4
145202,0,0,0,1,3
145202,0,0,0,0,4
145211,0,0,0,1,3
145211,0,0,0,0,4
145215,0,0,0,1,3
145215,0,0,0,0,4
145225,0,0,0,1,3
145246,0,0,0,2,2
145246,0,0,0,1,3
145250,0,0,0,2,2
145783,0,0,0,4,0
145783,0,0,0,1,3
145783,0,0,0,0,4
145783,0,0,0,1,3
145783,0,0,0,0,4
145806,0,0,0,1,3
145806,0,0,0,0,4
145816,0,0,0,1,3
146507,0,0,0,4,0
146507,0,0,0,1,3
146507,0,0,0,0,4
146515,0,0,0,1,3
146515,0,0,0,0,4
146518,0,0,0,1,3
147102,0,0,0,4,0
147102,0,0,0,3,1
147105,0,0,0,4,0
148400,0,0,0,3,1
148489,0,0,0,4,0
148489,0,0,0,2,2
148489,0,0,0,1,3
148499,0,0,0,2,2
149045,0,0,0,4,0
149045,0,0,0,2,2
149760,0,0,0,0,4
149971,0,0,0,2,2
149971,0,0,0,1,3
149971,0,0,0,2,2
149971,0,0,0,1,3
150139,0,0,0,2,2
150139,0,0,0,1,3
150182,0,0,0,2,2
150256,0,0,0,4,0
150256,0,0,0,3,1
150256,0,0,0,2,2
150261,0,0,0,3,1
150261,0,0,0,2,2
150268,0,0,0,3,1
150268,0,0,0,2,2
150268,0,0,0,3,1
150304,0,0,0,4,0
150304,0,0,0,3,1
150312,0,0,0,4,0
150312,0,0,0,3,1
150321,0,0,0,4,0
152760,0,0,0,3,1
152769,0,0,0,4,0
152769,0,0,0,2,2
152769,0,0,0,1,3
153453,0,0,0,3,1
153453,0,0,0,2,2
153457,0,0,0,3,1
153457,0,0,0,2,2
153460,0,0,0,3,1
153597,0,0,0,4,0
153597,0,0,0,3,1
153601,0,0,0,4,0
153601,0,0,0,3,1
153639,0,0,0,4,0
154720,0,0,0,3,1
154731,0,0,0,4,0
154731,0,0,0,3,1
154731,0,0,0,1,3
154739,0,0,0,2,2
154739,0,0,0,1,3
154741,0,0,0,2,2
155040,0,0,0,1,3
155041,0,0,0,2,2
155360,0,0,0,1,3
155360,0,0,0,0,4
155363,0,0,0,1,3
155368,0,0,0,2,2
155448,0,0,0,4,0
155448,0,0,0,2,2
155640,0,0,0,0,4
155912,0,0,0,2,2
155912,0,0,0,1,3
155915,0,0,0,2,2
156358,0,0,0,4,0
156358,0,0,0,1,3
156358,0,0,0,0,4
156396,0,0,0,1,3
156396,0,0,0,0,4
156478,0,0,0,1,3
156478,0,0,0,0,4
156484,0,0,0,1,3
156484,0,0,0,0,4
156492,0,0,0,1,3
156492,0,0,0,0,4
156507,0,0,0,1,3
156507,0,0,0,0,4
156520,0,0,0,1,3
157081,0,0,0,4,0
157081,0,0,0,2,2
157081,0,0,0,1,3
157081,0,0,0,0,4
157091,0,0,0,1,3
157091,0,0,0,0,4
157093,0,0,0,1,3
157093,0,0,0,0,4
157094,0,0,0,1,3
157102,0,0,0,2,2
157102,0,0,0,1,3
157111,0,0,0,2,2
157111,0,0,0,1,3
157119,0,0,0,2,2
157119,0,0,0,1,3
157120,0,0,0,2,2
158144,0,0,0,4,0
158144,0,0,0,3,1
158170,0,0,0,4,0
158170,0,0,0,3,1
158185,0,0,0,4,0
158185,0,0,0,3,1
158204,0,0,0,4,0
159120,0,0,0,3,1
159136,0,0,0,4,0
159136,0,0,0,3,1
159136,0,0,0,2,2
159137,0,0,0,3,1
159139,0,0,0,4,0
159139,0,0,0,3,1
159160,0,0,0,4,0
159160,0,0,0,1,3
159280,0,0,0,0,4
159285,0,0,0,1,3
159285,0,0,0,0,4
159285,0,0,0,1,3
159285,0,0,0,0,4
159298,0,0,0,1,3
159298,0,0,0,0,4
159342,0,0,0,1,3
159342,0,0,0,0,4
159352,0,0,0,1,3
159352,0,0,0,0,4
159444,0,0,0,1,3
159760,0,0,0,0,4
159765,0,0,0,1,3
159880,0,0,0,0,4
159884,0,0,0,3,1
159884,0,0,0,0,4
159895,0,0,0,1,3
160320,0,0,0,0,4
160323,0,0,0,1,3
160323,0,0,0,0,4
160329,0,0,0,1,3
160538,0,0,0,4,0
160538,0,0,0,1,3
160997,0,0,0,4,0
160997,0,0,0,2,2
160997,0,0,0,1,3
161038,0,0,0,2,2
161038,0,0,0,0,4
161458,0,0,0,2,2
161458,0,0,0,1,3
161534,0,0,0,3,1
161643,0,0,0,4,0
161643,0,0,0,1,3
161643,0,0,0,0,4
161647,0,0,0,1,3
161647,0,0,0,0,4
161666,0,0,0,1,3
161666,0,0,0,0,4
162297,0,0,0,3,1
162297,0,0,0,2,2
162297,0,0,0,1,3
162297,0,0,0,0,4
162300,0,0,0,1,3
162300,0,0,0,0,4
162304,0,0,0,1,3
162304,0,0,0,0,4
162308,0,0,0,1,3
162308,0,0,0,0,4
162310,0,0,0,1,3
162310,0,0,0,0,4
162310,0,0,0,1,3
162313,0,0,0,2,2
162313,0,0,0,0,4
162494,0,0,0,1,3
162494,0,0,0,0,4
162508,0,0,0,1,3
162508,0,0,0,0,4
162508,0,0,0,1,3
162524,0,0,0,2,2
162560,0,0,0,1,3
162560,0,0,0,0,4
162563,0,0,0,1,3
162586,0,0,0,2,2
162600,0,0,0,1,3
162600,0,0,0,0,4
162603,0,0,0,1,3
162603,0,0,0,0,4
162622,0,0,0,1,3
162622,0,0,0,0,4
162641,0,0,0,1,3
162670,0,0,0,2,2
163360,0,0,0,1,3
163360,0,0,0,0,4
163367,0,0,0,1,3
163367,0,0,0,0,4
163375,0,0,0,1,3
163375,0,0,0,3,1
163375,0,0,0,1,3
163401,0,0,0,2,2
163920,0,0,0,1,3
163920,0,0,0,0,4
163920,0,0,0,1,3
163920,0,0,0,0,4
163928,0,0,0,1,3
163954,0,0,0,2,2
164301,0,0,0,4,0
164301,0,0,0,1,3
164301,0,0,0,0,4
164312,0,0,0,1,3
164312,0,0,0,0,4
164381,0,0,0,1,3
164381,0,0,0,0,4
164393,0,0,0,1,3
164759,0,0,0,4,0
164759,0,0,0,2,2
164759,0,0,0,1,3
164849,0,0,0,2,2
165223,0,0,0,4,0
165223,0,0,0,1,3
165223,0,0,0,0,4
165231,0,0,0,1,3
165231,0,0,0,0,4
165233,0,0,0,1,3
165680,0,0,0,0,4
165693,0,0,0,1,3
165693,0,0,0,0,4
165715,0,0,0,1,3
165715,0,0,0,0,4
165791,0,0,0,1,3
165818,0,0,0,4,0
165818,0,0,0,2,2
165818,0,0,0,1,3
165818,0,0,0,0,4
165833,0,0,0,1,3
165833,0,0,0,0,4
165834,0,0,0,1,3
165834,0,0,0,0,4
165843,0,0,0,1,3
165843,0,0,0,0,4
165845,0,0,0,1,3
165845,0,0,0,0,4
165851,0,0,0,1,3
165851,0,0,0,0,4
165856,0,0,0,1,3
165856,0,0,0,0,4
165862,0,0,0,1,3
165862,0,0,0,0,4
165951,0,0,0,1,3
166129,0,0,0,3,1
166130,0,0,0,2,2
166130,0,0,0,3,1
166130,0,0,0,2,2
166134,0,0,0,3,1
166134,0,0,0,1,3
166276,0,0,0,2,2
166360,0,0,0,0,4
166856,0,0,0,2,2
167000,0,0,0,1,3
167000,0,0,0,0,4
167000,0,0,0,1,3
167004,0,0,0,2,2
167004,0,0,0,0,4
167060,0,0,0,2,2
167060,0,0,0,1,3
167068,0,0,0,2,2
167120,0,0,0,1,3
167120,0,0,0,0,4
167123,0,0,0,1,3
167123,0,0,0,0,4
167127,0,0,0,1,3
167127,0,0,0,0,4
167136,0,0,0,1,3
167136,0,0,0,0,4
167141,0,0,0,1,3
167143,0,0,0,2,2
167688,0,0,0,4,0
167688,0,0,0,1,3
167688,0,0,0,0,4
167696,0,0,0,1,3
167696,0,0,0,0,4
167705,0,0,0,1,3
167705,0,0,0,0,4
167713,0,0,0,1,3
167713,0,0,0,0,4
167717,0,0,0,1,3
167717,0,0,0,0,4
167740,0,0,0,1,3
167740,0,0,0,0,4
167748,0,0,0,1,3
167748,0,0,0,0,4
167750,0,0,0,1,3
167750,0,0,0,0,4
167750,0,0,0,1,3
168147,0,0,0,4,0
168147,0,0,0,2,2
168147,0,0,0,1,3
168147,0,0,0,0,4
168413,0,0,0,1,3
168413,0,0,0,0,4
168417,0,0,0,1,3
168417,0,0,0,0,4
168420,0,0,0,1,3
168427,0,0,0,2,2
168427,0,0,0,0,4
168458,0,0,0,2,2
168458,0,0,0,1,3
168458,0,0,0,0,4
168467,0,0,0,1,3
168467,0,0,0,0,4
168471,0,0,0,1,3
168471,0,0,0,0,4
168479,0,0,0,1,3
168479,0,0,0,0,4
168494,0,0,0,1,3
168496,0,0,0,2,2
168496,0,0,0,0,4
168922,0,0,0,2,2
168957,0,0,0,4,0
168957,0,0,0,3,1
168975,0,0,0,4,0
169400,0,0,0,3,1
169419,0,0,0,4,0
169419,0,0,0,3,1
169419,0,0,0,1,3
169432,0,0,0,2,2
169638,0,0,0,4,0
169638,0,0,0,2,2
169840,0,0,0,1,3
169857,0,0,0,2,2
169857,0,0,0,1,3
169857,0,0,0,0,4
169860,0,0,0,1,3
169860,0,0,0,0,4
169861,0,0,0,1,3
169950,0,0,0,3,1
169950,0,0,0,2,2
169950,0,0,0,3,1
169950,0,0,0,2,2
169958,0,0,0,3,1
169988,0,0,0,4,0
169988,0,0,0,1,3
169988,0,0,0,0,4
170001,0,0,0,1,3
170160,0,0,0,0,4
170182,0,0,0,1,3
170446,0,0,0,4,0
170446,0,0,0,2,2
170600,0,0,0,1,3
170600,0,0,0,0,4
170619,0,0,0,1,3
170619,0,0,0,2,2
170760,0,0,0,1,3
170760,0,0,0,0,4
170766,0,0,0,1,3
170782,0,0,0,2,2
170840,0,0,0,0,4
171059,0,0,0,2,2
171372,0,0,0,4,0
171372,0,0,0,1,3
171372,0,0,0,0,4
171383,0,0,0,1,3
172026,0,0,0,4,0
172026,0,0,0,2,2
173089,0,0,0,4,0
173089,0,0,0,1,3
173089,0,0,0,0,4
173093,0,0,0,1,3
173093,0,0,0,0,4
173105,0,0,0,1,3
173400,0,0,0,0,4
173408,0,0,0,1,3
173408,0,0,0,0,4
173424,0,0,0,1,3
173743,0,0,0,4,0
173743,0,0,0,2,2
174440,0,0,0,1,3
174440,0,0,0,0,4
174444,0,0,0,1,3
174444,0,0,0,0,4
174452,0,0,0,1,3
174452,0,0,0,0,4
174466,0,0,0,1,3
174520,0,0,0,0,4
174524,0,0,0,1,3
174533,0,0,0,2,2
174669,0,0,0,4,0
174669,0,0,0,1,3
174669,0,0,0,0,4
174685,0,0,0,1,3
174685,0,0,0,0,4
174711,0,0,0,1,3
174711,0,0,0,0,4
174756,0,0,0,1,3
174756,0,0,0,0,4
174773,0,0,0,1,3
174960,0,0,0,0,4
174961,0,0,0,1,3
174961,0,0,0,0,4
174965,0,0,0,1,3
174965,0,0,0,0,4
175041,0,0,0,1,3
175392,0,0,0,4,0
175392,0,0,0,2,2
175392,0,0,0,1,3
175392,0,0,0,0,4
175397,0,0,0,1,3
175397,0,0,0,0,4
175415,0,0,0,1,3
175415,0,0,0,0,4
175432,0,0,0,1,3
175432,0,0,0,0,4
175445,0,0,0,1,3
175445,0,0,0,0,4
175455,0,0,0,1,3
175468,0,0,0,2,2
175854,0,0,0,4,0
175854,0,0,0,1,3
175854,0,0,0,0,4
175875,0,0,0,1,3
175875,0,0,0,0,4
175918,0,0,0,1,3
175918,0,0,0,0,4
175967,0,0,0,1,3
175967,0,0,0,0,4
175997,0,0,0,1,3
176449,0,0,0,4,0
176449,0,0,0,2,2
176449,0,0,0,1,3
176518,0,0,0,2,2
176518,0,0,0,0,4
177005,0,0,0,2,2
177005,0,0,0,1,3
177005,0,0,0,0,4
177017,0,0,0,1,3
177017,0,0,0,0,4
177034,0,0,0,1,3
177034,0,0,0,0,4
177039,0,0,0,1,3
177039,0,0,0,0,4
177042,0,0,0,1,3
177042,0,0,0,0,4
177048,0,0,0,1,3
177048,0,0,0,0,4
177050,0,0,0,1,3
177050,0,0,0,0,4
177052,0,0,0,1,3
177052,0,0,0,0,4
177054,0,0,0,1,3
177054,0,0,0,0,4
177074,0,0,0,1,3
177074,0,0,0,0,4
177077,0,0,0,1,3
177077,0,0,0,0,4
177096,0,0,0,1,3
177096,0,0,0,0,4
177101,0,0,0,1,3
177101,0,0,0,0,4
177102,0,0,0,1,3
177102,0,0,0,0,4
177114,0,0,0,1,3
177114,0,0,0,0,4
177124,0,0,0,1,3
177124,0,0,0,0,4
177127,0,0,0,1,3
177146,0,0,0,2,2
177146,0,0,0,0,4
177202,0,0,0,2,2
177202,0,0,0,1,3
177202,0,0,0,0,4
177205,0,0,0,1,3
177205,0,0,0,0,4
177208,0,0,0,1,3
177208,0,0,0,0,4
177212,0,0,0,1,3
177212,0,0,0,0,4
177216,0,0,0,1,3
177216,0,0,0,0,4
177265,0,0,0,1,3
177265,0,0,0,0,4
177274,0,0,0,1,3
177293,0,0,0,2,2
177293,0,0,0,0,4
177608,0,0,0,2,2
177608,0,0,0,1,3
177610,0,0,0,2,2
177610,0,0,0,1,3
177611,0,0,0,2,2
177800,0,0,0,1,3
177807,0,0,0,2,2
177807,0,0,0,1,3
177807,0,0,0,0,4
177819,0,0,0,1,3
177842,0,0,0,2,2
177842,0,0,0,1,3
177848,0,0,0,2,2
177848,0,0,0,0,4
178011,0,0,0,2,2
178159,0,0,0,4,0
178159,0,0,0,3,1
178250,0,0,0,4,0
178250,0,0,0,3,1
178258,0,0,0,4,0
180280,0,0,0,3,1
180290,0,0,0,4,0
180290,0,0,0,3,1
180290,0,0,0,2,2
180296,0,0,0,3,1
180296,0,0,0,2,2
180297,0,0,0,3,1
180311,0,0,0,4,0
180311,0,0,0,2,2
180400,0,0,0,1,3
180421,0,0,0,2,2
180720,0,0,0,1,3
180720,0,0,0,0,4
180738,0,0,0,1,3
180769,0,0,0,2,2
181115,0,0,0,4,0
181115,0,0,0,1,3
181115,0,0,0,0,4
181120,0,0,0,1,3
181120,0,0,0,0,4
181127,0,0,0,1,3
181127,0,0,0,0,4
181133,0,0,0,1,3
181133,0,0,0,0,4
181133,0,0,0,1,3
181133,0,0,0,0,4
181138,0,0,0,1,3
181138,0,0,0,0,4
181153,0,0,0,1,3
181710,0,0,0,4,0
181710,0,0,0,1,3
181710,0,0,0,0,4
181714,0,0,0,1,3
182197,0,0,0,4,0
182197,0,0,0,2,2
182197,0,0,0,1,3
182197,0,0,0,0,4
182200,0,0,0,1,3
182200,0,0,0,0,4
182217,0,0,0,1,3
182217,0,0,0,0,4
182223,0,0,0,1,3
182223,0,0,0,0,4
182246,0,0,0,1,3
182246,0,0,0,0,4
182257,0,0,0,1,3
182257,0,0,0,0,4
182316,0,0,0,1,3
182316,0,0,0,0,4
182824,0,0,0,1,3
182824,0,0,0,0,4
182870,0,0,0,1,3
182870,0,0,0,0,4
182947,0,0,0,1,3
182947,0,0,0,0,4
182963,0,0,0,1,3
182963,0,0,0,0,4
182964,0,0,0,1,3
182964,0,0,0,0,4
183131,0,0,0,1,3
183143,0,0,0,2,2
183143,0,0,0,1,3
183160,0,0,0,2,2
183160,0,0,0,1,3
183163,0,0,0,2,2
183260,0,0,0,4,0
183260,0,0,0,3,1
183359,0,0,0,4,0
183359,0,0,0,2,2
184043,0,0,0,4,0
184440,0,0,0,3,1
184444,0,0,0,4,0
184444,0,0,0,3,1
184444,0,0,0,2,2
184447,0,0,0,3,1
184651,0,0,0,4,0
184651,0,0,0,3,1
184662,0,0,0,4,0
184662,0,0,0,3,1
184664,0,0,0,4,0
184664,0,0,0,3,1
184675,0,0,0,4,0
184675,0,0,0,3,1
184684,0,0,0,4,0
185240,0,0,0,3,1
185242,0,0,0,4,0
185242,0,0,0,3,1
185242,0,0,0,2,2
185247,0,0,0,3,1
185249,0,0,0,4,0
185249,0,0,0,3,1
185340,0,0,0,4,0
185340,0,0,0,3,1
185349,0,0,0,4,0
185349,0,0,0,3,1
185389,0,0,0,4,0
185389,0,0,0,3,1
185397,0,0,0,4,0
185560,0,0,0,3,1
185564,0,0,0,4,0
185564,0,0,0,3,1
185564,0,0,0,2,2
185566,0,0,0,3,1
185602,0,0,0,4,0
185602,0,0,0,3,1
185610,0,0,0,4,0
185610,0,0,0,3,1
185618,0,0,0,4,0
185618,0,0,0,3,1
185620,0,0,0,4,0
185620,0,0,0,3,1
185628,0,0,0,4,0
188080,0,0,0,3,1
188085,0,0,0,4,0
188085,0,0,0,3,1
188085,0,0,0,2,2
188090,0,0,0,3,1
188094,0,0,0,4,0
188094,0,0,0,3,1
188101,0,0,0,4,0
188101,0,0,0,2,2
188680,0,0,0,1,3
188864,0,0,0,2,2
188864,0,0,0,1,3
188864,0,0,0,0,4
188878,0,0,0,1,3
188881,0,0,0,2,2
188881,0,0,0,1,3
188885,0,0,0,2,2
189164,0,0,0,4,0
189164,0,0,0,1,3
189164,0,0,0,0,4
189209,0,0,0,1,3
189209,0,0,0,0,4
189216,0,0,0,1,3
189819,0,0,0,4,0
189819,0,0,0,3,1
189826,0,0,0,4,0
189826,0,0,0,3,1
189827,0,0,0,4,0
190360,0,0,0,3,1
190365,0,0,0,4,0
190365,0,0,0,2,2
190365,0,0,0,1,3
190382,0,0,0,2,2
190760,0,0,0,1,3
190780,0,0,0,2,2
190780,0,0,0,1,3
190780,0,0,0,0,4
190826,0,0,0,2,2
190826,0,0,0,1,3
190836,0,0,0,2,2
190836,0,0,0,1,3
190837,0,0,0,2,2
190837,0,0,0,1,3
190838,0,0,0,2,2
190838,0,0,0,1,3
190843,0,0,0,2,2
190920,0,0,0,1,3
190944,0,0,0,2,2
190944,0,0,0,1,3
190947,0,0,0,2,2
190964,0,0,0,3,1
190980,0,0,0,4,0
190980,0,0,0,1,3
190980,0,0,0,0,4
190994,0,0,0,1,3
190994,0,0,0,0,4
191011,0,0,0,1,3
191011,0,0,0,0,4
191016,0,0,0,1,3
191016,0,0,0,0,4
191021,0,0,0,1,3
191021,0,0,0,0,4
191021,0,0,0,1,3
191021,0,0,0,0,4
191047,0,0,0,1,3
191576,0,0,0,4,0
191576,0,0,0,3,1
191608,0,0,0,4,0
191608,0,0,0,3,1
191609,0,0,0,4,0
191760,0,0,0,3,1
191762,0,0,0,4,0
191762,0,0,0,3,1
191762,0,0,0,2,2
191772,0,0,0,3,1
191772,0,0,0,2,2
191779,0,0,0,3,1
191786,0,0,0,4,0
191786,0,0,0,3,1
191792,0,0,0,4,0
191792,0,0,0,3,1
191874,0,0,0,4,0
191874,0,0,0,3,1
191878,0,0,0,4,0
192040,0,0,0,3,1
192049,0,0,0,4,0
192049,0,0,0,3,1
192049,0,0,0,1,3
192055,0,0,0,2,2
192055,0,0,0,1,3
192064,0,0,0,2,2
192064,0,0,0,1,3
192073,0,0,0,2,2
192080,0,0,0,1,3
192120,0,0,0,2,2
192120,0,0,0,1,3
192120,0,0,0,0,4
192121,0,0,0,1,3
192136,0,0,0,2,2
192520,0,0,0,1,3
192520,0,0,0,0,4
192521,0,0,0,1,3
192523,0,0,0,2,2
192544,0,0,0,4,0
192544,0,0,0,2,2
192544,0,0,0,1,3
192544,0,0,0,0,4
192610,0,0,0,1,3
192610,0,0,0,0,4
192629,0,0,0,1,3
192629,0,0,0,0,4
192635,0,0,0,1,3
192635,0,0,0,0,4
192652,0,0,0,1,3
193111,0,0,0,2,2
193262,0,0,0,4,0
193262,0,0,0,1,3
193262,0,0,0,0,4
193263,0,0,0,1,3
193263,0,0,0,0,4
193275,0,0,0,1,3
193275,0,0,0,0,4
193277,0,0,0,1,3
193277,0,0,0,0,4
193478,0,0,0,1,3
193478,0,0,0,0,4
193496,0,0,0,1,3
193496,0,0,0,0,4
193523,0,0,0,1,3
193523,0,0,0,0,4
193529,0,0,0,1,3
193529,0,0,0,0,4
193549,0,0,0,1,3
193549,0,0,0,0,4
193567,0,0,0,1,3
193567,0,0,0,0,4
193580,0,0,0,1,3
193580,0,0,0,0,4
193597,0,0,0,1,3
193986,0,0,0,4,0
193986,0,0,0,2,2
193986,0,0,0,1,3
193986,0,0,0,0,4
194002,0,0,0,1,3
194004,0,0,0,2,2
194004,0,0,0,0,4
194222,0,0,0,2,2
194222,0,0,0,0,4
194482,0,0,0,2,2
194482,0,0,0,1,3
194519,0,0,0,2,2
194519,0,0,0,1,3
194525,0,0,0,2,2
194906,0,0,0,4,0
195200,0,0,0,3,1
195200,0,0,0,4,0
195200,0,0,0,3,1
195200,0,0,0,2,2
195227,0,0,0,3,1
195385,0,0,0,4,0
195385,0,0,0,3,1
195393,0,0,0,4,0
195393,0,0,0,3,1
195442,0,0,0,4,0
195442,0,0,0,3,1
195456,0,0,0,4,0
195456,0,0,0,2,2
195760,0,0,0,1,3
195761,0,0,0,2,2
195761,0,0,0,1,3
195765,0,0,0,2,2
196519,0,0,0,4,0
196519,0,0,0,1,3
196519,0,0,0,0,4
196524,0,0,0,1,3
196524,0,0,0,0,4
196533,0,0,0,1,3
196600,0,0,0,0,4
196603,0,0,0,1,3
196603,0,0,0,0,4
196605,0,0,0,1,3
197006,0,0,0,4,0
197006,0,0,0,2,2
197006,0,0,0,1,3
197006,0,0,0,0,4
197023,0,0,0,1,3
197023,0,0,0,0,4
197034,0,0,0,1,3
197034,0,0,0,0,4
197063,0,0,0,1,3
197063,0,0,0,2,2
197720,0,0,0,1,3
197987,0,0,0,2,2
197987,0,0,0,0,4
198069,0,0,0,2,2
198069,0,0,0,1,3
198069,0,0,0,0,4
198072,0,0,0,1,3
198072,0,0,0,0,4
198080,0,0,0,1,3
198080,0,0,0,0,4
198084,0,0,0,1,3
198084,0,0,0,0,4
198086,0,0,0,1,3
198088,0,0,0,2,2
198298,0,0,0,4,0
198298,0,0,0,1,3
198298,0,0,0,0,4
198318,0,0,0,1,3
198318,0,0,0,0,4
198361,0,0,0,1,3
198361,0,0,0,0,4
198364,0,0,0,1,3
198364,0,0,0,0,4
198445,0,0,0,1,3
198445,0,0,0,0,4
198447,0,0,0,1,3
198447,0,0,0,0,4
198452,0,0,0,1,3
198452,0,0,0,0,4
198637,0,0,0,1,3
198640,0,0,0,0,4
198658,0,0,0,1,3
198920,0,0,0,0,4
198921,0,0,0,1,3
198953,0,0,0,4,0
198953,0,0,0,2,2
198953,0,0,0,1,3
198970,0,0,0,2,2
198970,0,0,0,0,4
199654,0,0,0,2,2
199654,0,0,0,0,4
199757,0,0,0,2,2
199757,0,0,0,1,3
199757,0,0,0,0,4
199759,0,0,0,1,3
199759,0,0,0,0,4
199760,0,0,0,1,3
199760,0,0,0,0,4
199768,0,0,0,1,3
199768,0,0,0,0,4
199769,0,0,0,1,3
199769,0,0,0,0,4
199777,0,0,0,1,3
199777,0,0,0,0,4
199779,0,0,0,1,3
199779,0,0,0,0,4
199782,0,0,0,1,3
199782,0,0,0,0,4
199827,0,0,0,1,3
199827,0,0,0,0,4
199875,0,0,0,1,3
199875,0,0,0,0,4
200003,0,0,0,1,3
200003,0,0,0,0,4
200014,0,0,0,1,3
200014,0,0,0,0,4
200017,0,0,0,1,3
200017,0,0,0,0,4
200034,0,0,0,1,3
200034,0,0,0,0,4
200039,0,0,0,1,3
200061,0,0,0,2,2
200118,0,0,0,4,0
200118,0,0,0,1,3
200118,0,0,0,0,4
200121,0,0,0,1,3
200121,0,0,0,0,4
200128,0,0,0,1,3
200128,0,0,0,0,4
200537,0,0,0,1,3
200537,0,0,0,0,4
200545,0,0,0,1,3
200545,0,0,0,0,4
200605,0,0,0,3,1
200605,0,0,0,2,2
200605,0,0,0,1,3
200605,0,0,0,0,4
200639,0,0,0,1,3
200639,0,0,0,0,4
200646,0,0,0,1,3
200646,0,0,0,0,4
200648,0,0,0,1,3
200648,0,0,0,0,4
200650,0,0,0,1,3
200673,0,0,0,2,2
200673,0,0,0,0,4
200753,0,0,0,1,3
200765,0,0,0,2,2
200880,0,0,0,1,3
200880,0,0,0,0,4
200882,0,0,0,1,3
200882,0,0,0,0,4
200888,0,0,0,1,3
200888,0,0,0,0,4
200899,0,0,0,1,3
201096,0,0,0,2,2
201169,0,0,0,4,0
201169,0,0,0,1,3
201169,0,0,0,0,4
201177,0,0,0,1,3
201177,0,0,0,0,4
201212,0,0,0,1,3
201212,0,0,0,0,4
201220,0,0,0,1,3
201220,0,0,0,0,4
201228,0,0,0,1,3
201228,0,0,0,0,4
201232,0,0,0,1,3
201760,0,0,0,0,4
201767,0,0,0,1,3
201892,0,0,0,4,0
201892,0,0,0,2,2
201892,0,0,0,1,3
201892,0,0,0,0,4
201901,0,0,0,1,3
201901,0,0,0,0,4
201911,0,0,0,1,3
201911,0,0,0,0,4
201915,0,0,0,1,3
201922,0,0,0,2,2
201922,0,0,0,0,4
202576,0,0,0,2,2
202576,0,0,0,1,3
202576,0,0,0,0,4
202593,0,0,0,1,3
202726,0,0,0,3,1
202726,0,0,0,1,3
202726,0,0,0,0,4
202802,0,0,0,1,3
202802,0,0,0,0,4
202803,0,0,0,1,3
202803,0,0,0,0,4
203404,0,0,0,1,3
203443,0,0,0,3,1
203443,0,0,0,1,3
203443,0,0,0,0,4
203631,0,0,0,1,3
203644,0,0,0,2,2
203644,0,0,0,0,4
204106,0,0,0,2,2
204106,0,0,0,1,3
204107,0,0,0,2,2
204127,0,0,0,4,0
204127,0,0,0,1,3
204127,0,0,0,0,4
204128,0,0,0,1,3
204128,0,0,0,0,4
204197,0,0,0,1,3
204197,0,0,0,0,4
204382,0,0,0,1,3
204382,0,0,0,0,4
204400,0,0,0,1,3
204723,0,0,0,4,0
204723,0,0,0,1,3
204723,0,0,0,0,4
204731,0,0,0,1,3
204731,0,0,0,0,4
204745,0,0,0,1,3
204745,0,0,0,0,4
204751,0,0,0,1,3
205160,0,0,0,0,4
205236,0,0,0,1,3
205377,0,0,0,4,0
205377,0,0,0,1,3
205377,0,0,0,0,4
205562,0,0,0,1,3
205864,0,0,0,4,0
205864,0,0,0,1,3
205864,0,0,0,0,4
205909,0,0,0,1,3
205909,0,0,0,0,4
205978,0,0,0,1,3
205978,0,0,0,0,4
205991,0,0,0,1,3
205991,0,0,0,0,4
206040,0,0,0,1,3
206040,0,0,0,0,4
206105,0,0,0,1,3
206438,0,0,0,4,0
206438,0,0,0,2,2
206438,0,0,0,1,3
206438,0,0,0,0,4
206438,0,0,0,1,3
206438,0,0,0,0,4
206438,0,0,0,1,3
206456,0,0,0,2,2
206456,0,0,0,0,4
206749,0,0,0,2,2
206800,0,0,0,1,3
206805,0,0,0,2,2
206805,0,0,0,1,3
206805,0,0,0,0,4
206807,0,0,0,1,3
206807,0,0,0,2,2
206918,0,0,0,4,0
206918,0,0,0,1,3
206918,0,0,0,0,4
206939,0,0,0,1,3
207080,0,0,0,0,4
207083,0,0,0,1,3
207083,0,0,0,0,4
207092,0,0,0,1,3
207092,0,0,0,0,4
207093,0,0,0,1,3
207376,0,0,0,4,0
207376,0,0,0,2,2
207376,0,0,0,1,3
207381,0,0,0,2,2
208302,0,0,0,4,0
208302,0,0,0,1,3
208302,0,0,0,0,4
208307,0,0,0,1,3
208307,0,0,0,0,4
208345,0,0,0,1,3
208345,0,0,0,0,4
208348,0,0,0,1,3
208789,0,0,0,4,0
208789,0,0,0,3,1
208805,0,0,0,4,0
209480,0,0,0,3,1
209499,0,0,0,4,0
209499,0,0,0,3,1
209499,0,0,0,2,2
209516,0,0,0,3,1
209516,0,0,0,2,2
209543,0,0,0,3,1
209546,0,0,0,4,0
209546,0,0,0,2,2
210263,0,0,0,4,0
210263,0,0,0,3,1
210277,0,0,0,4,0
210277,0,0,0,1,3
210680,0,0,0,0,4
210686,0,0,0,1,3
210686,0,0,0,0,4
210695,0,0,0,1,3
210695,0,0,0,0,4
210697,0,0,0,1,3
210697,0,0,0,0,4
210741,0,0,0,1,3
210960,0,0,0,0,4
210969,0,0,0,1,3
211000,0,0,0,4,0
211000,0,0,0,1,3
211000,0,0,0,0,4
211001,0,0,0,1,3
211001,0,0,0,0,4
211100,0,0,0,1,3
211100,0,0,0,0,4
211144,0,0,0,1,3
211144,0,0,0,0,4
211227,0,0,0,1,3
211227,0,0,0,0,4
211229,0,0,0,1,3
211724,0,0,0,4,0
211724,0,0,0,2,2
211724,0,0,0,1,3
211731,0,0,0,2,2
211731,0,0,0,1,3
211736,0,0,0,2,2
211942,0,0,0,4,0
212400,0,0,0,3,1
212418,0,0,0,4,0
212418,0,0,0,3,1
212418,0,0,0,2,2
212418,0,0,0,3,1
212424,0,0,0,4,0
212424,0,0,0,3,1
212424,0,0,0,4,0
212424,0,0,0,3,1
212428,0,0,0,4,0
212428,0,0,0,3,1
212445,0,0,0,4,0
212445,0,0,0,3,1
212455,0,0,0,4,0
212680,0,0,0,3,1
212681,0,0,0,4,0
212681,0,0,0,3,1
212681,0,0,0,2,2
212698,0,0,0,3,1
212701,0,0,0,4,0
212701,0,0,0,3,1
212701,0,0,0,4,0
212701,0,0,0,3,1
212703,0,0,0,4,0
212703,0,0,0,3,1
212711,0,0,0,4,0
212711,0,0,0,1,3
213240,0,0,0,0,4
213241,0,0,0,1,3
213365,0,0,0,4,0
213365,0,0,0,1,3
213365,0,0,0,0,4
213373,0,0,0,1,3
213640,0,0,0,0,4
213643,0,0,0,1,3
213643,0,0,0,0,4
213651,0,0,0,1,3
213651,0,0,0,0,4
213656,0,0,0,1,3
213656,0,0,0,0,4
213671,0,0,0,1,3
213938,0,0,0,4,0
213938,0,0,0,2,2
213938,0,0,0,0,4
214401,0,0,0,2,2
214401,0,0,0,1,3
214428,0,0,0,2,2
214428,0,0,0,0,4
214742,0,0,0,2,2
214742,0,0,0,1,3
214742,0,0,0,0,4
214751,0,0,0,1,3
214751,0,0,0,0,4
214753,0,0,0,1,3
214753,0,0,0,0,4
214754,0,0,0,1,3
214754,0,0,0,0,4
214755,0,0,0,1,3
214764,0,0,0,2,2
214764,0,0,0,0,4
215353,0,0,0,2,2
215353,0,0,0,1,3
215362,0,0,0,2,2
215482,0,0,0,4,0
215482,0,0,0,1,3
216077,0,0,0,4,0
216077,0,0,0,2,2
216200,0,0,0,1,3
216216,0,0,0,2,2
216216,0,0,0,1,3
216216,0,0,0,0,4
216222,0,0,0,1,3
216232,0,0,0,2,2
216232,0,0,0,1,3
216239,0,0,0,2,2
216239,0,0,0,1,3
216257,0,0,0,2,2
216257,0,0,0,1,3
216327,0,0,0,2,2
216327,0,0,0,1,3
216336,0,0,0,2,2
216389,0,0,0,4,0
216389,0,0,0,3,1
216396,0,0,0,4,0
217440,0,0,0,3,1
217443,0,0,0,4,0
217443,0,0,0,3,1
217443,0,0,0,2,2
217447,0,0,0,3,1
217466,0,0,0,4,0
217466,0,0,0,3,1
217503,0,0,0,4,0
217503,0,0,0,3,1
217518,0,0,0,4,0
217518,0,0,0,1,3
218113,0,0,0,4,0
218113,0,0,0,1,3
218768,0,0,0,4,0
220320,0,0,0,3,1
220341,0,0,0,4,0
220341,0,0,0,3,1
220341,0,0,0,2,2
220345,0,0,0,3,1
220345,0,0,0,4,0
220345,0,0,0,3,1
220355,0,0,0,4,0
220355,0,0,0,3,1
220361,0,0,0,4,0
220361,0,0,0,3,1
220367,0,0,0,4,0
220367,0,0,0,3,1
220400,0,0,0,2,2
220408,0,0,0,3,1
220408,0,0,0,2,2
220408,0,0,0,1,3
220413,0,0,0,2,2
220413,0,0,0,1,3
220414,0,0,0,2,2
220416,0,0,0,3,1
220416,0,0,0,2,2
220429,0,0,0,3,1
220429,0,0,0,1,3
220741,0,0,0,3,1
220741,0,0,0,2,2
220742,0,0,0,3,1
220776,0,0,0,4,0
220800,0,0,0,3,1
220801,0,0,0,4,0
220801,0,0,0,3,1
220801,0,0,0,2,2
220810,0,0,0,3,1
220810,0,0,0,2,2
220811,0,0,0,3,1
220811,0,0,0,2,2
220812,0,0,0,3,1
220820,0,0,0,4,0
220820,0,0,0,3,1
220822,0,0,0,4,0
220822,0,0,0,3,1
220857,0,0,0,4,0
220920,0,0,0,3,1
220929,0,0,0,4,0
220929,0,0,0,3,1
220929,0,0,0,2,2
220933,0,0,0,3,1
220933,0,0,0,2,2
220940,0,0,0,3,1
220940,0,0,0,1,3
220943,0,0,0,2,2
221600,0,0,0,1,3
221605,0,0,0,2,2
221605,0,0,0,1,3
221605,0,0,0,0,4
221614,0,0,0,1,3
221743,0,0,0,3,1
221743,0,0,0,2,2
221744,0,0,0,3,1
221744,0,0,0,2,2
221745,0,0,0,3,1
221965,0,0,0,4,0
221965,0,0,0,1,3
222620,0,0,0,4,0
222620,0,0,0,3,1
222628,0,0,0,4,0
222628,0,0,0,3,1
222666,0,0,0,4,0
222666,0,0,0,3,1
222674,0,0,0,4,0
223440,0,0,0,3,1
223444,0,0,0,4,0
223444,0,0,0,2,2
223720,0,0,0,1,3
223741,0,0,0,2,2
223907,0,0,0,4,0
223907,0,0,0,1,3
223907,0,0,0,0,4
223913,0,0,0,1,3
223913,0,0,0,0,4
223925,0,0,0,1,3
223925,0,0,0,0,4
223943,0,0,0,1,3
223943,0,0,0,0,4
223986,0,0,0,1,3
223986,0,0,0,0,4
223992,0,0,0,1,3
223992,0,0,0,0,4
224021,0,0,0,1,3
224021,0,0,0,0,4
224034,0,0,0,1,3
224034,0,0,0,0,4
224038,0,0,0,1,3
224080,0,0,0,0,4
224129,0,0,0,1,3
224129,0,0,0,0,4
224134,0,0,0,1,3
224134,0,0,0,0,4
224145,0,0,0,1,3
224145,0,0,0,0,4
224480,0,0,0,3,1
224480,0,0,0,2,2
224480,0,0,0,1,3
224480,0,0,0,0,4
224483,0,0,0,1,3
224483,0,0,0,0,4
224483,0,0,0,1,3
224505,0,0,0,2,2
224560,0,0,0,1,3
224560,0,0,0,0,4
224561,0,0,0,1,3
224561,0,0,0,0,4
224565,0,0,0,1,3
224568,0,0,0,2,2
224568,0,0,0,3,1
224568,0,0,0,1,3
224568,0,0,0,0,4
224585,0,0,0,1,3
224843,0,0,0,2,2
224843,0,0,0,0,4
225494,0,0,0,2,2
225494,0,0,0,0,4
225561,0,0,0,2,2
225957,0,0,0,4,0
225957,0,0,0,1,3
225957,0,0,0,0,4
226048,0,0,0,1,3
226048,0,0,0,0,4
226056,0,0,0,1,3
226056,0,0,0,0,4
226090,0,0,0,1,3
226416,0,0,0,4,0
226416,0,0,0,2,2
226416,0,0,0,1,3
226416,0,0,0,0,4
226457,0,0,0,1,3
226457,0,0,0,0,4
226461,0,0,0,1,3
226461,0,0,0,0,4
226478,0,0,0,1,3
226478,0,0,0,0,4
226486,0,0,0,1,3
226486,0,0,0,0,4
226499,0,0,0,1,3
226499,0,0,0,0,4
226499,0,0,0,1,3
226499,0,0,0,0,4
226507,0,0,0,1,3
226507,0,0,0,0,4
226516,0,0,0,1,3
226516,0,0,0,0,4
226518,0,0,0,1,3
226518,0,0,0,0,4
226529,0,0,0,1,3
226529,0,0,0,0,4
226539,0,0,0,1,3
226539,0,0,0,0,4
226545,0,0,0,1,3
226545,0,0,0,0,4
226550,0,0,0,1,3
226550,0,0,0,0,4
226553,0,0,0,1,3
226594,0,0,0,2,2
226877,0,0,0,4,0
226877,0,0,0,3,1
226894,0,0,0,4,0
226894,0,0,0,3,1
226901,0,0,0,4,0
227240,0,0,0,3,1
227241,0,0,0,4,0
227241,0,0,0,3,1
227241,0,0,0,2,2
227255,0,0,0,3,1
227255,0,0,0,2,2
227259,0,0,0,3,1
227259,0,0,0,1,3
227310,0,0,0,2,2
227560,0,0,0,0,4
227977,0,0,0,2,2
227977,0,0,0,1,3
227977,0,0,0,0,4
227984,0,0,0,1,3
227984,0,0,0,0,4
227988,0,0,0,1,3
228016,0,0,0,2,2
228016,0,0,0,0,4
228023,0,0,0,2,2
228080,0,0,0,1,3
228080,0,0,0,0,4
228092,0,0,0,1,3
228098,0,0,0,2,2
228328,0,0,0,4,0
228328,0,0,0,1,3
228328,0,0,0,0,4
228397,0,0,0,1,3
228982,0,0,0,4,0
228982,0,0,0,2,2
228982,0,0,0,0,4
229538,0,0,0,2,2
229907,0,0,0,4,0
229907,0,0,0,1,3
229907,0,0,0,0,4
229913,0,0,0,1,3
229913,0,0,0,0,4
229930,0,0,0,1,3
229930,0,0,0,0,4
229934,0,0,0,1,3
229934,0,0,0,0,4
229960,0,0,0,1,3
229960,0,0,0,0,4
229978,0,0,0,1,3
229978,0,0,0,0,4
229995,0,0,0,1,3
229995,0,0,0,0,4
230017,0,0,0,1,3
230366,0,0,0,4,0
230366,0,0,0,2,2
230366,0,0,0,0,4
230827,0,0,0,2,2
230827,0,0,0,1,3
230828,0,0,0,2,2
230828,0,0,0,0,4
230862,0,0,0,2,2
230862,0,0,0,1,3
230862,0,0,0,0,4
230868,0,0,0,1,3
230868,0,0,0,0,4
230874,0,0,0,1,3
230874,0,0,0,0,4
230876,0,0,0,1,3
230903,0,0,0,2,2
230903,0,0,0,1,3
230921,0,0,0,2,2
230921,0,0,0,0,4
231417,0,0,0,2,2
231417,0,0,0,1,3
231417,0,0,0,0,4
231417,0,0,0,1,3
231560,0,0,0,0,4
231837,0,0,0,1,3
231891,0,0,0,3,1
231891,0,0,0,0,4
232378,0,0,0,3,1
232378,0,0,0,1,3
232388,0,0,0,2,2
232388,0,0,0,0,4
232934,0,0,0,2,2
232934,0,0,0,0,4
233450,0,0,0,2,2
233450,0,0,0,0,4
233859,0,0,0,2,2
233859,0,0,0,1,3
233859,0,0,0,0,4
233861,0,0,0,1,3
233912,0,0,0,3,1
233912,0,0,0,0,4
234268,0,0,0,1,3
234268,0,0,0,0,4
234278,0,0,0,1,3
234278,0,0,0,0,4
234370,0,0,0,3,1
234370,0,0,0,1,3
234370,0,0,0,0,4
234460,0,0,0,1,3
234558,0,0,0,2,2
234682,0,0,0,4,0
234682,0,0,0,1,3
234682,0,0,0,0,4
234690,0,0,0,1,3
234920,0,0,0,0,4
234935,0,0,0,1,3
235169,0,0,0,4,0
235169,0,0,0,2,2
235169,0,0,0,0,4
235481,0,0,0,2,2
235481,0,0,0,1,3
235481,0,0,0,0,4
235490,0,0,0,1,3
235490,0,0,0,0,4
235511,0,0,0,1,3
235511,0,0,0,0,4
235527,0,0,0,1,3
235527,0,0,0,0,4
235528,0,0,0,1,3
235528,0,0,0,0,4
235536,0,0,0,1,3
235536,0,0,0,0,4
235540,0,0,0,1,3
235540,0,0,0,0,4
235542,0,0,0,1,3
235543,0,0,0,2,2
236232,0,0,0,4,0
236232,0,0,0,1,3
236400,0,0,0,0,4
236403,0,0,0,1,3
236956,0,0,0,4,0
236956,0,0,0,2,2
236956,0,0,0,1,3
236956,0,0,0,0,4
236964,0,0,0,1,3
236964,0,0,0,0,4
236967,0,0,0,1,3
236968,0,0,0,2,2
236968,0,0,0,0,4
237267,0,0,0,2,2
237440,0,0,0,1,3
237440,0,0,0,0,4
237443,0,0,0,1,3
237444,0,0,0,2,2
237893,0,0,0,4,0
237893,0,0,0,1,3
237893,0,0,0,0,4
238078,0,0,0,1,3
238400,0,0,0,0,4
238406,0,0,0,1,3
238406,0,0,0,0,4
238423,0,0,0,1,3
238423,0,0,0,0,4
238431,0,0,0,1,3
238440,0,0,0,0,4
238451,0,0,0,1,3
238617,0,0,0,4,0
238617,0,0,0,2,2
238617,0,0,0,1,3
238636,0,0,0,2,2
238636,0,0,0,0,4
239679,0,0,0,2,2
239679,0,0,0,1,3
239679,0,0,0,0,4
239682,0,0,0,1,3
239699,0,0,0,3,1
239699,0,0,0,1,3
239699,0,0,0,0,4
239709,0,0,0,1,3
239709,0,0,0,0,4
239710,0,0,0,1,3
239710,0,0,0,0,4
239713,0,0,0,1,3
239960,0,0,0,2,2
240383,0,0,0,4,0
240383,0,0,0,1,3
240383,0,0,0,0,4
240386,0,0,0,1,3
240386,0,0,0,0,4
240408,0,0,0,1,3
240842,0,0,0,4,0
240842,0,0,0,2,2
240842,0,0,0,0,4
241303,0,0,0,2,2
241303,0,0,0,1,3
241303,0,0,0,0,4
241318,0,0,0,1,3
241321,0,0,0,2,2
241321,0,0,0,0,4
241337,0,0,0,2,2
241337,0,0,0,0,4
241556,0,0,0,2,2
241556,0,0,0,1,3
241556,0,0,0,0,4
241568,0,0,0,1,3
241568,0,0,0,0,4
241617,0,0,0,1,3
241617,0,0,0,0,4
241624,0,0,0,1,3
241624,0,0,0,0,4
241627,0,0,0,1,3
241627,0,0,0,0,4
241628,0,0,0,1,3
241628,0,0,0,0,4
241632,0,0,0,2,2
241632,0,0,0,1,3
241632,0,0,0,0,4
241654,0,0,0,1,3
241654,0,0,0,0,4
241671,0,0,0,1,3
241671,0,0,0,0,4
241677,0,0,0,1,3
241677,0,0,0,0,4
241713,0,0,0,1,3
241713,0,0,0,0,4
241725,0,0,0,1,3
241725,0,0,0,0,4
241730,0,0,0,1,3
241730,0,0,0,0,4
241734,0,0,0,1,3
241734,0,0,0,0,4
241743,0,0,0,1,3
241743,0,0,0,0,4
241746,0,0,0,1,3
241746,0,0,0,0,4
241748,0,0,0,1,3
241748,0,0,0,0,4
241762,0,0,0,1,3
241762,0,0,0,0,4
241764,0,0,0,1,3
241764,0,0,0,0,4
241766,0,0,0,1,3
241766,0,0,0,0,4
241767,0,0,0,1,3
241767,0,0,0,0,4
241771,0,0,0,1,3
241771,0,0,0,0,4
241774,0,0,0,1,3
241774,0,0,0,0,4
241775,0,0,0,1,3
241775,0,0,0,0,4
241775,0,0,0,1,3
241775,0,0,0,0,4
241780,0,0,0,1,3
241780,0,0,0,0,4
241783,0,0,0,1,3
241783,0,0,0,0,4
241787,0,0,0,1,3
241787,0,0,0,0,4
241787,0,0,0,1,3
241787,0,0,0,0,4
241789,0,0,0,1,3
241789,0,0,0,0,4
241793,0,0,0,1,3
241793,0,0,0,0,4
241798,0,0,0,1,3
241809,0,0,0,2,2
241840,0,0,0,1,3
241840,0,0,0,0,4
241846,0,0,0,1,3
241846,0,0,0,0,4
241852,0,0,0,1,3
241857,0,0,0,2,2
241880,0,0,0,3,1
241880,0,0,0,1,3
241880,0,0,0,0,4
241926,0,0,0,1,3
241926,0,0,0,0,4
241943,0,0,0,1,3
241960,0,0,0,0,4
241961,0,0,0,1,3
242000,0,0,0,0,4
242003,0,0,0,1,3
242003,0,0,0,0,4
242083,0,0,0,1,3
242083,0,0,0,0,4
242097,0,0,0,1,3
242097,0,0,0,0,4
242103,0,0,0,1,3
242103,0,0,0,0,4
242118,0,0,0,1,3
242118,0,0,0,0,4
242124,0,0,0,1,3
242124,0,0,0,0,4
242144,0,0,0,1,3
242480,0,0,0,0,4
242481,0,0,0,1,3
242598,0,0,0,3,1
242598,0,0,0,1,3
242598,0,0,0,0,4
242610,0,0,0,1,3
242616,0,0,0,2,2
242616,0,0,0,0,4
242909,0,0,0,2,2
242909,0,0,0,1,3
242909,0,0,0,0,4
242917,0,0,0,1,3
242917,0,0,0,0,4
242919,0,0,0,1,3
242919,0,0,0,0,4
242921,0,0,0,1,3
242928,0,0,0,2,2
243077,0,0,0,4,0
243077,0,0,0,1,3
243077,0,0,0,0,4
243088,0,0,0,1,3
243088,0,0,0,0,4
243126,0,0,0,1,3
243126,0,0,0,0,4
243139,0,0,0,1,3
243139,0,0,0,0,4
243171,0,0,0,1,3
243171,0,0,0,0,4
243193,0,0,0,1,3
243720,0,0,0,0,4
243721,0,0,0,1,3
243721,0,0,0,0,4
243732,0,0,0,3,1
243732,0,0,0,2,2
243732,0,0,0,1,3
243732,0,0,0,0,4
243736,0,0,0,1,3
243736,0,0,0,0,4
243744,0,0,0,1,3
243761,0,0,0,2,2
243762,0,0,0,3,1
243859,0,0,0,4,0
243859,0,0,0,1,3
244514,0,0,0,4,0
244514,0,0,0,1,3
244514,0,0,0,0,4
244531,0,0,0,1,3
244531,0,0,0,0,4
244537,0,0,0,1,3
244537,0,0,0,0,4
244552,0,0,0,1,3
244552,0,0,0,0,4
244569,0,0,0,1,3
244569,0,0,0,0,4
244650,0,0,0,1,3
244650,0,0,0,0,4
244668,0,0,0,1,3
244668,0,0,0,0,4
244744,0,0,0,1,3
244744,0,0,0,0,4
244745,0,0,0,1,3
244745,0,0,0,0,4
244764,0,0,0,1,3
244764,0,0,0,0,4
244773,0,0,0,1,3
244773,0,0,0,0,4
244792,0,0,0,1,3
244972,0,0,0,4,0
244972,0,0,0,1,3
244972,0,0,0,0,4
244973,0,0,0,1,3
244973,0,0,0,0,4
244992,0,0,0,1,3
244992,0,0,0,0,4
245177,0,0,0,1,3
245177,0,0,0,0,4
245183,0,0,0,1,3
245183,0,0,0,0,4
245199,0,0,0,1,3
245199,0,0,0,0,4
245216,0,0,0,1,3
245216,0,0,0,0,4
245217,0,0,0,1,3
245217,0,0,0,0,4
245282,0,0,0,1,3
245282,0,0,0,0,4
245308,0,0,0,1,3
245308,0,0,0,0,4
245326,0,0,0,1,3
245326,0,0,0,0,4
245431,0,0,0,3,1
245431,0,0,0,1,3
245431,0,0,0,0,4
245435,0,0,0,1,3
246149,0,0,0,3,1
246149,0,0,0,0,4
246154,0,0,0,1,3
246154,0,0,0,0,4
246167,0,0,0,1,3
246167,0,0,0,0,4
246186,0,0,0,1,3
246722,0,0,0,4,0
246722,0,0,0,2,2
246722,0,0,0,0,4
247440,0,0,0,2,2
247440,0,0,0,0,4
247784,0,0,0,2,2
247784,0,0,0,0,4
248124,0,0,0,2,2
248588,0,0,0,4,0
248588,0,0,0,1,3
248640,0,0,0,0,4
248643,0,0,0,1,3
248643,0,0,0,0,4
248651,0,0,0,1,3
248651,0,0,0,0,4
248657,0,0,0,1,3
248657,0,0,0,0,4
248666,0,0,0,1,3
248666,0,0,0,0,4
248743,0,0,0,1,3
248760,0,0,0,0,4
248761,0,0,0,1,3
248761,0,0,0,0,4
248778,0,0,0,1,3
248778,0,0,0,0,4
248823,0,0,0,1,3
248823,0,0,0,0,4
248824,0,0,0,1,3
248824,0,0,0,0,4
249025,0,0,0,1,3
249025,0,0,0,0,4
249047,0,0,0,3,1
249047,0,0,0,2,2
249056,0,0,0,3,1
249056,0,0,0,0,4
249106,0,0,0,1,3
249106,0,0,0,0,4
249123,0,0,0,1,3
249160,0,0,0,0,4
249160,0,0,0,1,3
249160,0,0,0,0,4
249166,0,0,0,1,3
249480,0,0,0,0,4
249489,0,0,0,1,3
249543,0,0,0,4,0
249543,0,0,0,2,2
249543,0,0,0,1,3
249543,0,0,0,0,4
249562,0,0,0,1,3
250110,0,0,0,2,2
250110,0,0,0,0,4
250468,0,0,0,2,2
250468,0,0,0,0,4
250571,0,0,0,2,2
250571,0,0,0,1,3
250571,0,0,0,0,4
250586,0,0,0,1,3
250586,0,0,0,0,4
250593,0,0,0,1,3
250593,0,0,0,0,4
250605,0,0,0,1,3
250605,0,0,0,0,4
250682,0,0,0,1,3
250685,0,0,0,2,2
250685,0,0,0,0,4
250964,0,0,0,2,2
250964,0,0,0,1,3
250972,0,0,0,2,2
251403,0,0,0,4,0
251403,0,0,0,1,3
251403,0,0,0,0,4
251409,0,0,0,1,3
251409,0,0,0,0,4
251416,0,0,0,1,3
251416,0,0,0,0,4
251515,0,0,0,1,3
251515,0,0,0,0,4
251518,0,0,0,1,3
251518,0,0,0,0,4
251527,0,0,0,1,3
251527,0,0,0,0,4
251535,0,0,0,1,3
251535,0,0,0,0,4
251579,0,0,0,1,3
251579,0,0,0,0,4
251586,0,0,0,1,3
251586,0,0,0,0,4
251597,0,0,0,1,3
251597,0,0,0,0,4
251606,0,0,0,1,3
251606,0,0,0,0,4
251616,0,0,0,1,3
252058,0,0,0,4,0
252058,0,0,0,2,2
252058,0,0,0,1,3
252058,0,0,0,0,4
252062,0,0,0,1,3
252079,0,0,0,2,2
253120,0,0,0,4,0
253120,0,0,0,1,3
253120,0,0,0,0,4
253127,0,0,0,1,3
253280,0,0,0,0,4
253282,0,0,0,1,3
253282,0,0,0,0,4
253691,0,0,0,1,3
253691,0,0,0,0,4
253699,0,0,0,1,3
253775,0,0,0,4,0
253775,0,0,0,1,3
253775,0,0,0,0,4
254055,0,0,0,1,3
254055,0,0,0,0,4
254063,0,0,0,1,3
254063,0,0,0,0,4
254095,0,0,0,1,3
254095,0,0,0,0,4
254104,0,0,0,1,3
254104,0,0,0,0,4
254114,0,0,0,1,3
254114,0,0,0,0,4
254124,0,0,0,1,3
254124,0,0,0,0,4
254133,0,0,0,1,3
254133,0,0,0,0,4
254134,0,0,0,1,3
254134,0,0,0,0,4
254142,0,0,0,1,3
254142,0,0,0,0,4
254149,0,0,0,1,3
254429,0,0,0,4,0
254429,0,0,0,2,2
254429,0,0,0,1,3
254429,0,0,0,0,4
254431,0,0,0,1,3
254431,0,0,0,0,4
254432,0,0,0,1,3
254432,0,0,0,0,4
254466,0,0,0,1,3
254466,0,0,0,0,4
254472,0,0,0,1,3
254472,0,0,0,0,4
254474,0,0,0,1,3
254529,0,0,0,2,2
254529,0,0,0,0,4
254925,0,0,0,2,2
254925,0,0,0,1,3
254925,0,0,0,0,4
254930,0,0,0,1,3
254930,0,0,0,0,4
254940,0,0,0,1,3
254940,0,0,0,0,4
254960,0,0,0,1,3
254991,0,0,0,3,1
254991,0,0,0,1,3
254991,0,0,0,0,4
255007,0,0,0,1,3
255007,0,0,0,0,4
255097,0,0,0,1,3
255097,0,0,0,0,4
255104,0,0,0,1,3
255114,0,0,0,2,2
255547,0,0,0,4,0
256080,0,0,0,3,1
256084,0,0,0,4,0
256084,0,0,0,3,1
256084,0,0,0,2,2
256095,0,0,0,3,1
256167,0,0,0,4,0
256167,0,0,0,2,2
257092,0,0,0,4,0
257092,0,0,0,2,2
257554,0,0,0,4,0
257554,0,0,0,3,1
257554,0,0,0,4,0
257554,0,0,0,3,1
257560,0,0,0,4,0
257680,0,0,0,3,1
257689,0,0,0,4,0
257689,0,0,0,3,1
257689,0,0,0,2,2
257690,0,0,0,3,1
257697,0,0,0,4,0
257697,0,0,0,3,1
257742,0,0,0,4,0
257742,0,0,0,3,1
257748,0,0,0,4,0
257748,0,0,0,3,1
257757,0,0,0,4,0
257757,0,0,0,3,1
257800,0,0,0,0,4
257849,0,0,0,1,3
258320,0,0,0,0,4
258320,0,0,0,1,3
258320,0,0,0,0,4
258358,0,0,0,1,3
258358,0,0,0,0,4
258361,0,0,0,1,3
258361,0,0,0,0,4
258369,0,0,0,1,3
258369,0,0,0,0,4
258378,0,0,0,1,3
258524,0,0,0,4,0
258524,0,0,0,2,2
259586,0,0,0,4,0
259586,0,0,0,1,3
259586,0,0,0,0,4
259593,0,0,0,1,3
259593,0,0,0,0,4
259601,0,0,0,1,3
260241,0,0,0,4,0
260241,0,0,0,3,1
260244,0,0,0,4,0
260244,0,0,0,3,1
260262,0,0,0,4,0
260262,0,0,0,3,1
260281,0,0,0,4,0
260281,0,0,0,2,2
260999,0,0,0,4,0
